"id_day_all","x","y","id_month","POSIXct","behavior","species","id"
7,365243.27,7541030.18,"Mar",2015-03-15 07:05:00,"Sleeping site","NA","SS005"
7,365242.66,7541031.36,"Mar",2015-03-15 07:10:00,"Inactive","NA","SS005"
7,365249.9,7541038.4,"Mar",2015-03-15 07:15:00,"Inactive","NA","SS005"
7,365239.75,7541038.1,"Mar",2015-03-15 07:20:00,"Locomotion","NA","NA"
7,365250.07,7541069.26,"Mar",2015-03-15 07:25:00,"Inactive","NA","NA"
7,365236.2,7541065.33,"Mar",2015-03-15 07:30:00,"Foraging","NA","NA"
7,365223.34,7541065.72,"Mar",2015-03-15 07:35:00,"Inactive","NA","NA"
7,365204.71,7541068.46,"Mar",2015-03-15 07:40:00,"Resting","NA","NA"
7,365204.81,7541071.97,"Mar",2015-03-15 07:45:00,"Inactive","NA","NA"
7,365206.99,7541069.42,"Mar",2015-03-15 07:50:00,"Inactive","NA","NA"
7,365206.8,7541067.93,"Mar",2015-03-15 07:55:00,"Inactive","NA","NA"
7,365207.14,7541077.94,"Mar",2015-03-15 08:00:00,"Locomotion","NA","NA"
7,365190.4,7541099.9,"Mar",2015-03-15 08:05:00,"Inactive","NA","NA"
7,365155.05,7541102.14,"Mar",2015-03-15 08:10:00,"Locomotion","NA","NA"
7,365104.85,7541063.99,"Mar",2015-03-15 08:15:00,"Foraging","NA","NA"
7,365087.2,7541051.35,"Mar",2015-03-15 08:20:00,"Out of sight","NA","NA"
7,365083.66,7541038.37,"Mar",2015-03-15 08:25:00,"Locomotion","NA","NA"
7,365027.59,7540980.25,"Mar",2015-03-15 08:30:00,"Foraging","NA","SMaf001"
7,365027.59,7540980.25,"Mar",2015-03-15 08:35:00,"Frugivory","NA","SMaf001"
7,365027.59,7540980.25,"Mar",2015-03-15 08:40:00,"Inactive","NA","SMaf001"
7,365012,7540966.23,"Mar",2015-03-15 08:45:00,"Out of sight","NA","NA"
7,365004.41,7540953.48,"Mar",2015-03-15 08:50:00,"Inactive","NA","SMaf002"
7,365004.41,7540953.48,"Mar",2015-03-15 08:55:00,"Frugivory","NA","SMaf002"
7,365004.41,7540953.48,"Mar",2015-03-15 09:00:00,"Frugivory","NA","SMaf002"
7,365004.41,7540953.48,"Mar",2015-03-15 09:05:00,"Frugivory","NA","SMaf002"
7,365004.41,7540953.48,"Mar",2015-03-15 09:10:00,"Frugivory","NA","SMaf002"
7,365004.41,7540953.48,"Mar",2015-03-15 09:15:00,"Frugivory","NA","SMaf002"
7,365004.41,7540953.48,"Mar",2015-03-15 09:20:00,"Frugivory","NA","SMaf002"
7,365004.41,7540953.48,"Mar",2015-03-15 09:25:00,"Frugivory","NA","SMaf002"
7,364987.32,7540917.52,"Mar",2015-03-15 09:30:00,"Locomotion","NA","NA"
7,364991.48,7540906.82,"Mar",2015-03-15 09:35:00,"Locomotion","NA","NA"
7,364973.14,7540896.79,"Mar",2015-03-15 09:40:00,"Foraging","NA","NA"
7,364967.86,7540884.94,"Mar",2015-03-15 09:45:00,"Resting","NA","NA"
7,364968.2,7540890.71,"Mar",2015-03-15 09:50:00,"Resting","NA","NA"
7,364954.29,7540899.8,"Mar",2015-03-15 09:55:00,"Out of sight","NA","NA"
7,364946.31,7540898.13,"Mar",2015-03-15 10:00:00,"Inactive","NA","NA"
7,364929.53,7540917.55,"Mar",2015-03-15 10:05:00,"Inactive","NA","NA"
7,364899.01,7540909.18,"Mar",2015-03-15 10:10:00,"Out of sight","NA","NA"
7,364883.72,7540880.89,"Mar",2015-03-15 10:15:00,"Marking territory","NA","NA"
7,364877.24,7540876.21,"Mar",2015-03-15 10:20:00,"Inactive","NA","NA"
7,364870.52,7540868.06,"Mar",2015-03-15 10:25:00,"Resting","NA","NA"
7,364826.25,7540892.79,"Mar",2015-03-15 10:30:00,"Long call","NA","NA"
7,364818.26,7540897.72,"Mar",2015-03-15 10:35:00,"Out of sight","NA","NA"
7,364816.97,7540898.74,"Mar",2015-03-15 10:40:00,"Out of sight","NA","NA"
7,364816.08,7540899.58,"Mar",2015-03-15 10:45:00,"Locomotion","NA","NA"
7,364847.3,7540867.94,"Mar",2015-03-15 10:50:00,"Resting","NA","NA"
7,364878.72,7540860.65,"Mar",2015-03-15 10:55:00,"Inactive","NA","NA"
7,364890.77,7540866.25,"Mar",2015-03-15 11:00:00,"Locomotion","NA","NA"
7,364894.53,7540861.94,"Mar",2015-03-15 11:05:00,"Marking territory","NA","NA"
7,364897.29,7540833.58,"Mar",2015-03-15 11:10:00,"Long call","NA","NA"
7,364940.18,7540853.4,"Mar",2015-03-15 11:15:00,"Inactive","NA","NA"
7,364947.89,7540857.4,"Mar",2015-03-15 11:20:00,"Out of sight","NA","NA"
7,364981.06,7540846.74,"Mar",2015-03-15 11:25:00,"Locomotion","NA","NA"
7,364989.84,7540842.16,"Mar",2015-03-15 11:30:00,"Locomotion","NA","NA"
7,365027.52,7540810.08,"Mar",2015-03-15 11:35:00,"Locomotion","NA","NA"
7,365125.53,7540796.63,"Mar",2015-03-15 11:40:00,"Locomotion","NA","NA"
7,365172.53,7540773.63,"Mar",2015-03-15 11:45:00,"Locomotion","NA","NA"
7,365240.54,7540757.61,"Mar",2015-03-15 11:50:00,"Resting","NA","NA"
7,365262.8,7540750.22,"Mar",2015-03-15 11:55:00,"Frugivory","Myrcia splendens (Sw.) DC.","AMf007"
7,365262.8,7540750.22,"Mar",2015-03-15 12:00:00,"Frugivory","Myrcia splendens (Sw.) DC.","AMf007"
7,365262.8,7540750.22,"Mar",2015-03-15 12:05:00,"Frugivory","Myrcia splendens (Sw.) DC.","AMf007"
7,365262.8,7540750.22,"Mar",2015-03-15 12:10:00,"Frugivory","Myrcia splendens (Sw.) DC.","AMf007"
7,365268.43,7540745.08,"Mar",2015-03-15 12:15:00,"Frugivory","Myrcia splendens (Sw.) DC.","AMf007"
7,365267.5,7540744.81,"Mar",2015-03-15 12:20:00,"Resting","Myrcia splendens (Sw.) DC.","AMf007"
7,365266.85,7540744.41,"Mar",2015-03-15 12:25:00,"Resting","Myrcia splendens (Sw.) DC.","AMf007"
7,365266.18,7540744.01,"Mar",2015-03-15 12:30:00,"Resting","Myrcia splendens (Sw.) DC.","AMf007"
7,365264.31,7540743.73,"Mar",2015-03-15 12:35:00,"Resting","Myrcia splendens (Sw.) DC.","AMf007"
7,365262.5,7540743.5,"Mar",2015-03-15 12:40:00,"Resting","Myrcia splendens (Sw.) DC.","AMf007"
7,365261.55,7540744.69,"Mar",2015-03-15 12:45:00,"Resting","Myrcia splendens (Sw.) DC.","AMf007"
7,365261.62,7540745.24,"Mar",2015-03-15 12:50:00,"Resting","Myrcia splendens (Sw.) DC.","AMf007"
7,365264.48,7540746.37,"Mar",2015-03-15 12:55:00,"Resting","Myrcia splendens (Sw.) DC.","AMf007"
7,365322,7540762.27,"Mar",2015-03-15 13:00:00,"Inactive","NA","NA"
7,365390.18,7540800.92,"Mar",2015-03-15 13:05:00,"Inactive","NA","NA"
7,365428.83,7540786.98,"Mar",2015-03-15 13:10:00,"Resting","NA","NA"
7,365425.67,7540790.47,"Mar",2015-03-15 13:15:00,"Resting","NA","NA"
7,365429.66,7540794.51,"Mar",2015-03-15 13:20:00,"Resting","NA","NA"
7,365430.96,7540797.12,"Mar",2015-03-15 13:25:00,"Resting","NA","NA"
7,365430.88,7540796.09,"Mar",2015-03-15 13:30:00,"Resting","NA","NA"
7,365430.49,7540796.44,"Mar",2015-03-15 13:35:00,"Resting","NA","NA"
7,365429.85,7540794.09,"Mar",2015-03-15 13:40:00,"Resting","NA","NA"
7,365430.97,7540795.05,"Mar",2015-03-15 13:45:00,"Resting","NA","NA"
7,365432.5,7540796.71,"Mar",2015-03-15 13:50:00,"Resting","NA","NA"
7,365494.5,7540845.92,"Mar",2015-03-15 13:55:00,"Resting","NA","NA"
7,365505.18,7540836.36,"Mar",2015-03-15 14:00:00,"Inactive","NA","NA"
7,365542.23,7540827.38,"Mar",2015-03-15 14:05:00,"Locomotion","NA","NA"
7,365544.11,7540839.72,"Mar",2015-03-15 14:10:00,"Locomotion","NA","NA"
7,365545.56,7540838.87,"Mar",2015-03-15 14:15:00,"Resting","NA","NA"
7,365546.99,7540837.96,"Mar",2015-03-15 14:20:00,"Resting","NA","NA"
7,365547.01,7540838.42,"Mar",2015-03-15 14:25:00,"Resting","NA","NA"
7,365547.01,7540838.89,"Mar",2015-03-15 14:30:00,"Resting","NA","NA"
7,365546.03,7540838.05,"Mar",2015-03-15 14:35:00,"Resting","NA","NA"
7,365543.83,7540839.1,"Mar",2015-03-15 14:40:00,"Resting","NA","NA"
7,365543.89,7540839.67,"Mar",2015-03-15 14:45:00,"Resting","NA","NA"
7,365544.27,7540837.9,"Mar",2015-03-15 14:50:00,"Resting","NA","NA"
7,365545.05,7540839.96,"Mar",2015-03-15 14:55:00,"Resting","NA","NA"
7,365544.75,7540838.87,"Mar",2015-03-15 15:00:00,"Resting","NA","NA"
7,365545.5,7540839.12,"Mar",2015-03-15 15:05:00,"Resting","NA","NA"
7,365545.31,7540839.3,"Mar",2015-03-15 15:10:00,"Resting","NA","NA"
7,365534.5,7540884.37,"Mar",2015-03-15 15:15:00,"NA","NA","NA"
7,365523.49,7540929.64,"Mar",2015-03-15 15:20:00,"NA","NA","NA"
7,365504.27,7540973.58,"Mar",2015-03-15 15:25:00,"Sleeping site","NA","SS006"
10,365242.75,7541027.58,"Mar",2015-03-18 06:35:00,"Sleeping site","NA","SS005"
10,365244.08,7541031.66,"Mar",2015-03-18 06:40:00,"Out of sight","NA","SS005"
10,365247.18,7541033.21,"Mar",2015-03-18 06:45:00,"Inactive","NA","SS005"
10,365241.02,7541040.17,"Mar",2015-03-18 06:50:00,"Inactive","NA","NA"
10,365243.34,7541000.57,"Mar",2015-03-18 06:55:00,"Long call","NA","NA"
10,365247.24,7540971.92,"Mar",2015-03-18 07:00:00,"Long call","NA","NA"
10,365237.17,7540964.93,"Mar",2015-03-18 07:05:00,"Locomotion","NA","NA"
10,365202.08,7540944.58,"Mar",2015-03-18 07:10:00,"Frugivory","inch_pass","AMf100"
10,365184.17,7540920.31,"Mar",2015-03-18 07:15:00,"Frugivory","inch_pass","AMf100"
10,365197.92,7540920.2,"Mar",2015-03-18 07:20:00,"Frugivory","inch_pass","AMf100"
10,365215.05,7540881.84,"Mar",2015-03-18 07:25:00,"Locomotion","NA","NA"
10,365234.22,7540846.28,"Mar",2015-03-18 07:30:00,"Foraging","NA","NA"
10,365255.23,7540778.51,"Mar",2015-03-18 07:35:00,"Locomotion","NA","NA"
10,365272.08,7540754.57,"Mar",2015-03-18 07:40:00,"Frugivory","Myrcia splendens (Sw.) DC.","AMf007"
10,365265.05,7540748.02,"Mar",2015-03-18 07:45:00,"Frugivory","Myrcia splendens (Sw.) DC.","AMf007"
10,365265.05,7540748.02,"Mar",2015-03-18 07:50:00,"Frugivory","Myrcia splendens (Sw.) DC.","AMf007"
10,365265.05,7540748.02,"Mar",2015-03-18 07:55:00,"Frugivory","Myrcia splendens (Sw.) DC.","AMf007"
10,365265.05,7540748.02,"Mar",2015-03-18 08:00:00,"Frugivory","Myrcia splendens (Sw.) DC.","AMf007"
10,365265.05,7540748.02,"Mar",2015-03-18 08:05:00,"Frugivory","Myrcia splendens (Sw.) DC.","AMf007"
10,365265.05,7540748.02,"Mar",2015-03-18 08:10:00,"Frugivory","Myrcia splendens (Sw.) DC.","AMf007"
10,365291.12,7540748.13,"Mar",2015-03-18 08:15:00,"Locomotion","NA","NA"
10,365321.52,7540726.58,"Mar",2015-03-18 08:20:00,"Foraging","NA","NA"
10,365325.1,7540724.4,"Mar",2015-03-18 08:25:00,"Foraging","NA","NA"
10,365321.83,7540724.93,"Mar",2015-03-18 08:30:00,"Out of sight","NA","NA"
10,365320.28,7540720.7,"Mar",2015-03-18 08:35:00,"Out of sight","NA","NA"
10,365330.84,7540718.75,"Mar",2015-03-18 08:40:00,"Foraging","NA","SMaf009"
10,365330.27,7540719.14,"Mar",2015-03-18 08:45:00,"Foraging","NA","SMaf009"
10,365330.27,7540719.14,"Mar",2015-03-18 08:50:00,"Frugivory","NA","SMaf009"
10,365350.3,7540720.07,"Mar",2015-03-18 08:55:00,"Foraging","NA","NA"
10,365358.28,7540695.78,"Mar",2015-03-18 09:00:00,"Locomotion","NA","NA"
10,365371.6,7540661.59,"Mar",2015-03-18 09:05:00,"Inactive","NA","NA"
10,365363.34,7540659.6,"Mar",2015-03-18 09:10:00,"Frugivory","NA","SMaf010"
10,365363.34,7540659.6,"Mar",2015-03-18 09:15:00,"Frugivory","NA","SMaf010"
10,365363.34,7540659.6,"Mar",2015-03-18 09:20:00,"Frugivory","NA","SMaf010"
10,365363.34,7540659.6,"Mar",2015-03-18 09:25:00,"Frugivory","NA","SMaf010"
10,365363.34,7540659.6,"Mar",2015-03-18 09:30:00,"Frugivory","NA","SMaf010"
10,365363.34,7540659.6,"Mar",2015-03-18 09:35:00,"Frugivory","NA","SMaf010"
10,365363.34,7540659.6,"Mar",2015-03-18 09:40:00,"Frugivory","NA","SMaf010"
10,365364.31,7540666.64,"Mar",2015-03-18 09:45:00,"Inactive","NA","SMaf010"
10,365357.37,7540715.5,"Mar",2015-03-18 09:50:00,"Resting","NA","NA"
10,365405.63,7540755.27,"Mar",2015-03-18 09:55:00,"Marking territory","NA","NA"
10,365435.02,7540782.4,"Mar",2015-03-18 10:00:00,"Foraging","NA","SMaf011"
10,365435.02,7540782.4,"Mar",2015-03-18 10:05:00,"Inactive","NA","SMaf011"
10,365435.02,7540782.4,"Mar",2015-03-18 10:10:00,"Out of sight","NA","SMaf011"
10,365435.02,7540782.4,"Mar",2015-03-18 10:15:00,"Frugivory","NA","SMaf011"
10,365435.02,7540782.4,"Mar",2015-03-18 10:20:00,"Frugivory","NA","SMaf011"
10,365435.02,7540782.4,"Mar",2015-03-18 10:25:00,"Frugivory","NA","SMaf011"
10,365491.4,7540800.08,"Mar",2015-03-18 10:30:00,"Locomotion","NA","NA"
10,365506.78,7540779.66,"Mar",2015-03-18 10:35:00,"Resting","NA","NA"
10,365559.13,7540778.87,"Mar",2015-03-18 10:40:00,"Marking territory","NA","NA"
10,365558.92,7540781.82,"Mar",2015-03-18 10:45:00,"Long call","NA","NA"
10,365554.68,7540796.58,"Mar",2015-03-18 10:50:00,"Out of sight","NA","NA"
10,365554.17,7540875.01,"Mar",2015-03-18 10:55:00,"Locomotion","NA","NA"
10,365551.54,7540887.28,"Mar",2015-03-18 11:00:00,"Frugivory","Celtis fluminensis","AMf132"
10,365541.12,7540898.36,"Mar",2015-03-18 11:05:00,"Frugivory","Celtis fluminensis","AMf132"
10,365537.22,7540890.7,"Mar",2015-03-18 11:10:00,"Frugivory","Celtis fluminensis","AMf132"
10,365534.66,7540901.37,"Mar",2015-03-18 11:15:00,"Frugivory","Celtis fluminensis","AMf132"
10,365530.77,7540892.94,"Mar",2015-03-18 11:20:00,"Frugivory","Celtis fluminensis","AMf132"
10,365546.06,7540930.42,"Mar",2015-03-18 11:25:00,"Marking territory","NA","NA"
10,365574.69,7540963.25,"Mar",2015-03-18 11:30:00,"Locomotion","NA","NA"
10,365594.48,7540997.73,"Mar",2015-03-18 11:35:00,"Inactive","NA","NA"
10,365600.71,7540995.26,"Mar",2015-03-18 11:40:00,"Resting","NA","NA"
10,365631.91,7540997.37,"Mar",2015-03-18 11:45:00,"Resting","NA","NA"
10,365646.68,7540980.36,"Mar",2015-03-18 11:50:00,"Out of sight","NA","NA"
10,365646.56,7540978.06,"Mar",2015-03-18 11:55:00,"Foraging","NA","NA"
10,365645.37,7540978.54,"Mar",2015-03-18 12:00:00,"Inactive","NA","NA"
10,365669.7,7540982.73,"Mar",2015-03-18 12:05:00,"Frugivory","NA","SMaf017"
10,365669.7,7540982.73,"Mar",2015-03-18 12:10:00,"Inactive","NA","SMaf017"
10,365664.51,7540996.78,"Mar",2015-03-18 12:15:00,"Locomotion","NA","SMaf018"
10,365664.51,7540996.78,"Mar",2015-03-18 12:20:00,"Frugivory","NA","SMaf018"
10,365664.51,7540996.78,"Mar",2015-03-18 12:25:00,"Frugivory","NA","SMaf018"
10,365664.51,7540996.78,"Mar",2015-03-18 12:30:00,"Frugivory","NA","SMaf018"
10,365660.16,7541023.65,"Mar",2015-03-18 12:35:00,"Foraging","NA","NA"
10,365653.73,7541021.28,"Mar",2015-03-18 12:40:00,"Locomotion","NA","NA"
10,365634.16,7541044.24,"Mar",2015-03-18 12:45:00,"Out of sight","NA","NA"
10,365634.48,7541044,"Mar",2015-03-18 12:50:00,"Out of sight","NA","NA"
10,365633.9,7541044.13,"Mar",2015-03-18 12:55:00,"Foraging","NA","NA"
10,365595.89,7541058.23,"Mar",2015-03-18 13:00:00,"Locomotion","NA","NA"
10,365596.01,7541083.78,"Mar",2015-03-18 13:05:00,"Foraging","NA","NA"
10,365589.5,7541103.42,"Mar",2015-03-18 13:10:00,"Resting","NA","NA"
10,365566.59,7541108.57,"Mar",2015-03-18 13:15:00,"Frugivory","NA","SMaf019"
10,365566.59,7541108.57,"Mar",2015-03-18 13:20:00,"Inactive","NA","SMaf019"
10,365522.24,7541114.97,"Mar",2015-03-18 13:25:00,"Locomotion","NA","NA"
10,365505.74,7541132.63,"Mar",2015-03-18 13:30:00,"Locomotion","NA","NA"
10,365458.74,7541148.13,"Mar",2015-03-18 13:35:00,"Frugivory","Celtis fluminensis","AMf030"
10,365458.74,7541148.13,"Mar",2015-03-18 13:40:00,"Frugivory","Celtis fluminensis","AMf030"
10,365458.74,7541148.13,"Mar",2015-03-18 13:45:00,"Frugivory","Celtis fluminensis","AMf030"
10,365454.78,7541158.93,"Mar",2015-03-18 13:50:00,"Frugivory","Celtis fluminensis","AMf030"
10,365443.83,7541188.98,"Mar",2015-03-18 13:55:00,"Marking territory","NA","NA"
10,365424.7,7541210.65,"Mar",2015-03-18 14:00:00,"Foraging","NA","NA"
10,365413.45,7541185.18,"Mar",2015-03-18 14:05:00,"Inactive","NA","NA"
10,365404.33,7541196.45,"Mar",2015-03-18 14:10:00,"Resting","NA","NA"
10,365405.76,7541198.06,"Mar",2015-03-18 14:15:00,"Resting","NA","NA"
10,365389.21,7541179.13,"Mar",2015-03-18 14:20:00,"Frugivory","NA","SMaf022"
10,365365,7541173.69,"Mar",2015-03-18 14:25:00,"Out of sight","NA","NA"
10,365365.07,7541171.3,"Mar",2015-03-18 14:30:00,"Inactive","NA","NA"
10,365354.9,7541152.44,"Mar",2015-03-18 14:35:00,"Resting","NA","NA"
10,365340.99,7541138.27,"Mar",2015-03-18 14:40:00,"Frugivory","NA","SMaf023"
10,365340.99,7541138.27,"Mar",2015-03-18 14:45:00,"Frugivory","NA","SMaf023"
10,365340.99,7541138.27,"Mar",2015-03-18 14:50:00,"Resting","NA","SMaf023"
10,365321.39,7541147.41,"Mar",2015-03-18 14:55:00,"Resting","NA","NA"
10,365284.67,7541170.13,"Mar",2015-03-18 15:00:00,"Locomotion","NA","NA"
10,365271.33,7541169.39,"Mar",2015-03-18 15:05:00,"Inactive","NA","NA"
10,365245.54,7541179.37,"Mar",2015-03-18 15:10:00,"Frugivory","NA","SMaf024"
10,365233.43,7541174,"Mar",2015-03-18 15:15:00,"Frugivory","NA","SMaf025"
10,365211.42,7541183.2,"Mar",2015-03-18 15:20:00,"Locomotion","NA","NA"
10,365162.15,7541187.46,"Mar",2015-03-18 15:25:00,"Inactive","NA","NA"
10,365139.02,7541187.99,"Mar",2015-03-18 15:30:00,"Frugivory","Celtis fluminensis","AMf022"
10,365126.9,7541193.82,"Mar",2015-03-18 15:35:00,"Out of sight","NA","NA"
10,365123.29,7541192.74,"Mar",2015-03-18 15:40:00,"Out of sight","NA","NA"
10,365087.5,7541176.91,"Mar",2015-03-18 15:45:00,"NA","NA","NA"
10,365051.29,7541160.85,"Mar",2015-03-18 15:50:00,"Inactive","NA","NA"
10,365005.64,7541112.33,"Mar",2015-03-18 15:55:00,"Frugivory","Celtis fluminensis","AMf236"
10,364997.31,7541106.82,"Mar",2015-03-18 16:00:00,"Frugivory","Celtis fluminensis","AMf236"
10,364997.31,7541106.82,"Mar",2015-03-18 16:05:00,"Frugivory","Celtis fluminensis","AMf236"
10,364988.82,7541102.07,"Mar",2015-03-18 16:10:00,"Inactive","NA","NA"
10,364990.75,7541093.04,"Mar",2015-03-18 16:15:00,"Frugivory","Celtis fluminensis","AMf236"
10,364957.04,7541087.8,"Mar",2015-03-18 16:20:00,"Out of sight","NA","NA"
10,364955.81,7541087.31,"Mar",2015-03-18 16:25:00,"Out of sight","NA","NA"
10,364952.48,7541029.97,"Mar",2015-03-18 16:30:00,"Inactive","NA","NA"
10,364894.43,7541008.22,"Mar",2015-03-18 16:35:00,"Inactive","NA","NA"
10,364879.52,7540990.58,"Mar",2015-03-18 16:40:00,"Resting","NA","NA"
10,364792.01,7541033.01,"Mar",2015-03-18 16:45:00,"Locomotion","NA","NA"
10,364746.51,7541015.09,"Mar",2015-03-18 16:50:00,"Frugivory","NA","SMaf030"
10,364740.2,7541024.68,"Mar",2015-03-18 16:55:00,"Inactive","NA","NA"
10,364690.29,7541026.84,"Mar",2015-03-18 17:00:00,"Locomotion","NA","NA"
10,364676.74,7540975.18,"Mar",2015-03-18 17:05:00,"Locomotion","NA","NA"
10,364668.16,7540906.38,"Mar",2015-03-18 17:10:00,"Locomotion","NA","NA"
10,364670.11,7540905.45,"Mar",2015-03-18 17:15:00,"Resting","NA","NA"
10,364719.23,7540880.14,"Mar",2015-03-18 17:20:00,"Out of sight","NA","NA"
10,364716.22,7540839.98,"Mar",2015-03-18 17:25:00,"Inactive","NA","NA"
10,364751.85,7540788.42,"Mar",2015-03-18 17:30:00,"Frugivory","Celtis fluminensis","Amf217"
10,364751.85,7540788.42,"Mar",2015-03-18 17:35:00,"Frugivory","Celtis fluminensis","Amf217"
10,364836.24,7540773.11,"Mar",2015-03-18 17:40:00,"Locomotion","NA","NA"
10,364884.71,7540741.07,"Mar",2015-03-18 17:45:00,"Sleeping site","NA","SS007"
12,365215.9404,7540754.401,"Mar",2015-03-20 06:45:00,"Sleeping site","NA","SS008"
12,365222.25,7540756.09,"Mar",2015-03-20 06:50:00,"Inactive","NA","SS008"
12,365222.25,7540756.09,"Mar",2015-03-20 06:55:00,"NA","NA","AMf017"
12,365222.25,7540756.09,"Mar",2015-03-20 07:00:00,"Frugivory","NA","AMf017"
12,365215.69,7540771.48,"Mar",2015-03-20 07:05:00,"Resting","NA","AMf017"
12,365215.69,7540771.48,"Mar",2015-03-20 07:10:00,"Frugivory","NA","AMf017"
12,365215.69,7540771.48,"Mar",2015-03-20 07:15:00,"Long call","NA","AMf017"
12,365215.69,7540771.48,"Mar",2015-03-20 07:20:00,"Locomotion","NA","AMf017"
12,365216.19,7540750.5,"Mar",2015-03-20 07:25:00,"Inactive","NA","SS008"
12,365219.5,7540758.83,"Mar",2015-03-20 07:30:00,"Inactive","NA","SS008"
12,365261.07,7540754.5,"Mar",2015-03-20 07:35:00,"Frugivory","Myrcia splendens (Sw.) DC.","AMf007"
12,365261.07,7540754.5,"Mar",2015-03-20 07:40:00,"Frugivory","Myrcia splendens (Sw.) DC.","AMf007"
12,365261.07,7540754.5,"Mar",2015-03-20 07:45:00,"Frugivory","Myrcia splendens (Sw.) DC.","AMf007"
12,365261.07,7540754.5,"Mar",2015-03-20 07:50:00,"Frugivory","Myrcia splendens (Sw.) DC.","AMf007"
12,365273.32,7540752.34,"Mar",2015-03-20 07:55:00,"Inactive","NA","NA"
12,365299.09,7540743.67,"Mar",2015-03-20 08:00:00,"Locomotion","NA","SMaf035"
12,365299.09,7540743.67,"Mar",2015-03-20 08:05:00,"Frugivory","NA","SMaf035"
12,365313.24,7540746.59,"Mar",2015-03-20 08:10:00,"Locomotion","NA","NA"
12,365316.96,7540739.51,"Mar",2015-03-20 08:15:00,"Out of sight","NA","NA"
12,365328.87,7540740.09,"Mar",2015-03-20 08:20:00,"Foraging","NA","NA"
12,365334.87,7540732.1,"Mar",2015-03-20 08:25:00,"Foraging","NA","NA"
12,365349.54,7540722.71,"Mar",2015-03-20 08:30:00,"Locomotion","NA","NA"
12,365348.89,7540713,"Mar",2015-03-20 08:35:00,"Inactive","NA","NA"
12,365342.24,7540711.78,"Mar",2015-03-20 08:40:00,"Inactive","NA","NA"
12,365362.58,7540706.68,"Mar",2015-03-20 08:45:00,"Inactive","NA","NA"
12,365359.84,7540683.41,"Mar",2015-03-20 08:50:00,"Out of sight","NA","NA"
12,365358.77,7540666.29,"Mar",2015-03-20 08:55:00,"Frugivory","NA","SMaf010"
12,365358.77,7540666.29,"Mar",2015-03-20 09:00:00,"Frugivory","NA","SMaf010"
12,365358.77,7540666.29,"Mar",2015-03-20 09:05:00,"Frugivory","NA","SMaf010"
12,365358.77,7540666.29,"Mar",2015-03-20 09:10:00,"Frugivory","NA","SMaf010"
12,365362.86,7540666.65,"Mar",2015-03-20 09:15:00,"Resting","NA","SMaf010"
12,365362.86,7540666.65,"Mar",2015-03-20 09:20:00,"Resting","NA","SMaf010"
12,365362.86,7540666.65,"Mar",2015-03-20 09:25:00,"Resting","NA","SMaf010"
12,365362.86,7540666.65,"Mar",2015-03-20 09:30:00,"Resting","NA","SMaf010"
12,365362.86,7540666.65,"Mar",2015-03-20 09:35:00,"Resting","NA","SMaf010"
12,365362.86,7540666.65,"Mar",2015-03-20 09:40:00,"Resting","NA","SMaf010"
12,365362.86,7540666.65,"Mar",2015-03-20 09:45:00,"Resting","NA","SMaf010"
12,365362.86,7540666.65,"Mar",2015-03-20 09:50:00,"Frugivory","NA","SMaf010"
12,365362.86,7540666.65,"Mar",2015-03-20 09:55:00,"Frugivory","NA","SMaf010"
12,365362.86,7540666.65,"Mar",2015-03-20 10:00:00,"Frugivory","NA","SMaf010"
12,365362.86,7540666.65,"Mar",2015-03-20 10:05:00,"Frugivory","NA","SMaf010"
12,365362.86,7540666.65,"Mar",2015-03-20 10:10:00,"Frugivory","NA","SMaf010"
12,365362.86,7540666.65,"Mar",2015-03-20 10:15:00,"Frugivory","NA","SMaf010"
12,365362.86,7540666.65,"Mar",2015-03-20 10:20:00,"Frugivory","NA","SMaf010"
12,365362.86,7540666.65,"Mar",2015-03-20 10:25:00,"Resting","NA","SMaf010"
12,365362.86,7540666.65,"Mar",2015-03-20 10:30:00,"Resting","NA","SMaf010"
12,365362.86,7540666.65,"Mar",2015-03-20 10:35:00,"Resting","NA","SMaf010"
12,365362.86,7540666.65,"Mar",2015-03-20 10:40:00,"Resting","NA","SMaf010"
12,365362.86,7540666.65,"Mar",2015-03-20 10:45:00,"Resting","NA","SMaf010"
12,365362.86,7540666.65,"Mar",2015-03-20 10:50:00,"Resting","NA","SMaf010"
12,365362.86,7540666.65,"Mar",2015-03-20 10:55:00,"Resting","NA","SMaf010"
12,365362.86,7540666.65,"Mar",2015-03-20 11:00:00,"Resting","NA","SMaf010"
12,365362.86,7540666.65,"Mar",2015-03-20 11:05:00,"Frugivory","NA","SMaf010"
12,365362.86,7540666.65,"Mar",2015-03-20 11:10:00,"Resting","NA","SMaf010"
12,365362.86,7540666.65,"Mar",2015-03-20 11:15:00,"Resting","NA","SMaf010"
12,365362.86,7540666.65,"Mar",2015-03-20 11:20:00,"Resting","NA","SMaf010"
12,365362.86,7540666.65,"Mar",2015-03-20 11:25:00,"Locomotion","NA","SMaf010"
12,365341.14,7540656.28,"Mar",2015-03-20 11:30:00,"Locomotion","NA","NA"
12,365341.73,7540660.38,"Mar",2015-03-20 11:35:00,"Foraging","NA","NA"
12,365337.57,7540656.81,"Mar",2015-03-20 11:40:00,"Out of sight","NA","NA"
12,365321.94,7540647.07,"Mar",2015-03-20 11:45:00,"Foraging","NA","NA"
12,365320.33,7540637.69,"Mar",2015-03-20 11:50:00,"Foraging","NA","NA"
12,365318.24,7540637.64,"Mar",2015-03-20 11:55:00,"Inactive","NA","NA"
12,365313.1,7540639.94,"Mar",2015-03-20 12:00:00,"Foraging","NA","NA"
12,365298.57,7540626.1,"Mar",2015-03-20 12:05:00,"Resting","NA","NA"
12,365303.24,7540623.29,"Mar",2015-03-20 12:10:00,"Resting","NA","NA"
12,365307.62,7540613.93,"Mar",2015-03-20 12:15:00,"Foraging","NA","NA"
12,365328.07,7540623.82,"Mar",2015-03-20 12:20:00,"Foraging","NA","NA"
12,365337.2,7540623.27,"Mar",2015-03-20 12:25:00,"Out of sight","NA","NA"
12,365350.06,7540619.15,"Mar",2015-03-20 12:30:00,"Foraging","NA","NA"
12,365361.82,7540629.17,"Mar",2015-03-20 12:35:00,"Long call","NA","NA"
12,365401.11,7540667.29,"Mar",2015-03-20 12:40:00,"Long call","NA","NA"
12,365432.11,7540670.52,"Mar",2015-03-20 12:45:00,"Long call","NA","NA"
12,365435.49,7540655.52,"Mar",2015-03-20 12:50:00,"Long call","NA","NA"
12,365436.28,7540651.95,"Mar",2015-03-20 12:55:00,"Long call","NA","NA"
12,365437.45,7540652.66,"Mar",2015-03-20 13:00:00,"Long call","NA","NA"
12,365438.62,7540653.39,"Mar",2015-03-20 13:05:00,"Out of sight","NA","NA"
12,365438.27,7540653.66,"Mar",2015-03-20 13:10:00,"Out of sight","NA","NA"
12,365437.93,7540653.9,"Mar",2015-03-20 13:15:00,"Inactive","NA","NA"
12,365439.92,7540648.09,"Mar",2015-03-20 13:20:00,"Out of sight","NA","NA"
12,365422.25,7540643.41,"Mar",2015-03-20 13:25:00,"Out of sight","NA","NA"
12,365407.19,7540642.05,"Mar",2015-03-20 13:30:00,"NA","NA","NA"
12,365392.15,7540640.7,"Mar",2015-03-20 13:35:00,"NA","NA","NA"
12,365377.23,7540639.35,"Mar",2015-03-20 13:40:00,"Foraging","NA","NA"
12,365373.74,7540638.88,"Mar",2015-03-20 13:45:00,"Foraging","NA","NA"
12,365372.43,7540637.65,"Mar",2015-03-20 13:50:00,"Locomotion","NA","NA"
12,365364.98,7540659.08,"Mar",2015-03-20 13:55:00,"Inactive","NA","SMaf010"
12,365356.91,7540661.41,"Mar",2015-03-20 14:00:00,"Frugivory","NA","SMaf010"
12,365356.91,7540661.41,"Mar",2015-03-20 14:05:00,"Frugivory","NA","SMaf010"
12,365334.98,7540654.96,"Mar",2015-03-20 14:10:00,"Resting","NA","NA"
12,365338.08,7540655.08,"Mar",2015-03-20 14:15:00,"Resting","NA","NA"
12,365337.88,7540657.17,"Mar",2015-03-20 14:20:00,"Resting","NA","NA"
12,365336.16,7540657.92,"Mar",2015-03-20 14:25:00,"Resting","NA","NA"
12,365336.67,7540657.81,"Mar",2015-03-20 14:30:00,"Resting","NA","NA"
12,365338.61,7540654.65,"Mar",2015-03-20 14:35:00,"Resting","NA","NA"
12,365338.39,7540656.83,"Mar",2015-03-20 14:40:00,"Resting","NA","NA"
12,365336.01,7540655.4,"Mar",2015-03-20 14:45:00,"Resting","NA","NA"
12,365339.82,7540656.62,"Mar",2015-03-20 14:50:00,"Resting","NA","NA"
12,365339.85,7540655.98,"Mar",2015-03-20 14:55:00,"Resting","NA","NA"
12,365338.18,7540656.28,"Mar",2015-03-20 15:00:00,"Resting","NA","NA"
12,365333.29,7540655.47,"Mar",2015-03-20 15:05:00,"Resting","NA","NA"
12,365340.16,7540653.76,"Mar",2015-03-20 15:10:00,"Resting","NA","NA"
12,365344.11,7540653.24,"Mar",2015-03-20 15:15:00,"Resting","NA","NA"
12,365348.08,7540652.78,"Mar",2015-03-20 15:20:00,"Resting","NA","NA"
12,365356.39,7540663.16,"Mar",2015-03-20 15:25:00,"Inactive","NA","SMaf010"
12,365365.1,7540666.26,"Mar",2015-03-20 15:30:00,"Frugivory","NA","SMaf010"
12,365365.1,7540666.26,"Mar",2015-03-20 15:35:00,"Foraging","NA","SMaf010"
12,365365.1,7540666.26,"Mar",2015-03-20 15:40:00,"Foraging","NA","SMaf010"
12,365349.72,7540660.31,"Mar",2015-03-20 15:45:00,"Locomotion","NA","NA"
12,365336.84,7540661.04,"Mar",2015-03-20 15:50:00,"Inactive","NA","NA"
12,365324.74,7540662.78,"Mar",2015-03-20 15:55:00,"Foraging","NA","NA"
12,365330.81,7540680.64,"Mar",2015-03-20 16:00:00,"Locomotion","NA","NA"
12,365320.06,7540687.99,"Mar",2015-03-20 16:05:00,"Resting","NA","NA"
12,365315.33,7540690.54,"Mar",2015-03-20 16:10:00,"Resting","NA","NA"
12,365299.4,7540696.65,"Mar",2015-03-20 16:15:00,"Out of sight","NA","NA"
12,365252.84,7540715.67,"Mar",2015-03-20 16:20:00,"Locomotion","NA","NA"
12,365253.44,7540734.07,"Mar",2015-03-20 16:25:00,"Locomotion","NA","NA"
12,365215.9404,7540754.401,"Mar",2015-03-20 16:30:00,"Sleeping site","NA","SS008"
13,365215.9404,7540754.401,"Mar",2015-03-21 06:40:00,"Sleeping site","NA","SS008"
13,365203.39,7540745.04,"Mar",2015-03-21 06:45:00,"Inactive","NA","NA"
13,365213.58,7540747.43,"Mar",2015-03-21 06:50:00,"Inactive","NA","NA"
13,365209.91,7540746.22,"Mar",2015-03-21 06:55:00,"Foraging","NA","NA"
13,365224.25,7540752.52,"Mar",2015-03-21 07:00:00,"Inactive","NA","NA"
13,365238.86,7540758.78,"Mar",2015-03-21 07:05:00,"Foraging","NA","NA"
13,365260.78,7540751.43,"Mar",2015-03-21 07:10:00,"Frugivory","Myrcia splendens (Sw.) DC.","AMf007"
13,365260.78,7540751.43,"Mar",2015-03-21 07:15:00,"Frugivory","Myrcia splendens (Sw.) DC.","AMf007"
13,365260.78,7540751.43,"Mar",2015-03-21 07:20:00,"Resting","Myrcia splendens (Sw.) DC.","AMf007"
13,365247.89,7540714.53,"Mar",2015-03-21 07:25:00,"Locomotion","NA","NA"
13,365260.73,7540702.88,"Mar",2015-03-21 07:30:00,"Foraging","NA","NA"
13,365266.24,7540688.07,"Mar",2015-03-21 07:35:00,"Foraging","NA","NA"
13,365266.26,7540687.48,"Mar",2015-03-21 07:40:00,"Foraging","NA","NA"
13,365262.3,7540671.74,"Mar",2015-03-21 07:45:00,"Locomotion","NA","NA"
13,365277.28,7540645.47,"Mar",2015-03-21 07:50:00,"Foraging","NA","NA"
13,365282.42,7540643.36,"Mar",2015-03-21 07:55:00,"Foraging","NA","NA"
13,365294.12,7540632.07,"Mar",2015-03-21 08:00:00,"Foraging","NA","NA"
13,365307.72,7540637.86,"Mar",2015-03-21 08:05:00,"Foraging","NA","NA"
13,365347.68,7540664.88,"Mar",2015-03-21 08:10:00,"Inactive","NA","SMaf010"
13,365347.68,7540664.88,"Mar",2015-03-21 08:15:00,"Frugivory","NA","SMaf010"
13,365347.68,7540664.88,"Mar",2015-03-21 08:20:00,"Frugivory","NA","SMaf010"
13,365353.8,7540642.94,"Mar",2015-03-21 08:25:00,"Locomotion","NA","NA"
13,365352.72,7540622.98,"Mar",2015-03-21 08:30:00,"Inactive","NA","NA"
13,365351.82,7540624.39,"Mar",2015-03-21 08:35:00,"Inactive","NA","NA"
13,365354.49,7540622,"Mar",2015-03-21 08:40:00,"Inactive","NA","NA"
13,365368.1,7540621,"Mar",2015-03-21 08:45:00,"Foraging","NA","NA"
13,365362.43,7540617.58,"Mar",2015-03-21 08:50:00,"Foraging","NA","NA"
13,365353.85,7540624.93,"Mar",2015-03-21 08:55:00,"Foraging","NA","NA"
13,365356.83,7540623.09,"Mar",2015-03-21 09:00:00,"Out of sight","NA","NA"
13,365349.06,7540615.13,"Mar",2015-03-21 09:05:00,"Out of sight","NA","NA"
13,365349.07,7540616.45,"Mar",2015-03-21 09:10:00,"Foraging","NA","NA"
13,365359.41,7540624.02,"Mar",2015-03-21 09:15:00,"Foraging","NA","NA"
13,365359.64,7540628.96,"Mar",2015-03-21 09:20:00,"Out of sight","NA","NA"
13,365356.31,7540622.68,"Mar",2015-03-21 09:25:00,"Inactive","NA","NA"
13,365370.71,7540640.1,"Mar",2015-03-21 09:30:00,"Foraging","NA","NA"
13,365375.11,7540639.56,"Mar",2015-03-21 09:35:00,"Foraging","NA","NA"
13,365375.1,7540639.23,"Mar",2015-03-21 09:40:00,"Foraging","NA","NA"
13,365374.98,7540638.94,"Mar",2015-03-21 09:45:00,"Foraging","NA","NA"
13,365367.25,7540648.54,"Mar",2015-03-21 09:50:00,"Long call","NA","NA"
13,365370.57,7540653,"Mar",2015-03-21 09:55:00,"Inactive","NA","NA"
13,365370.27,7540652.05,"Mar",2015-03-21 10:00:00,"Out of sight","NA","NA"
13,365376.43,7540655.97,"Mar",2015-03-21 10:05:00,"Inactive","NA","NA"
13,365360.45,7540662.62,"Mar",2015-03-21 10:10:00,"Frugivory","NA","SMaf010"
13,365308.14,7540654.7,"Mar",2015-03-21 10:15:00,"Inactive","NA","NA"
13,365306.67,7540647.6,"Mar",2015-03-21 10:20:00,"Foraging","NA","NA"
13,365278.79,7540638.93,"Mar",2015-03-21 10:25:00,"Locomotion","NA","NA"
13,365251.53,7540626.32,"Mar",2015-03-21 10:30:00,"Inactive","NA","NA"
13,365230.55,7540637.54,"Mar",2015-03-21 10:35:00,"Inactive","NA","NA"
13,365228.61,7540626.46,"Mar",2015-03-21 10:40:00,"Foraging","NA","NA"
13,365238.48,7540595.18,"Mar",2015-03-21 10:45:00,"Foraging","NA","NA"
13,365162.66,7540560.36,"Mar",2015-03-21 10:50:00,"Locomotion","NA","NA"
13,365134.69,7540578.21,"Mar",2015-03-21 10:55:00,"Inactive","NA","NA"
13,365116.76,7540567.63,"Mar",2015-03-21 11:00:00,"Inactive","NA","NA"
13,365090.59,7540545.71,"Mar",2015-03-21 11:05:00,"Locomotion","NA","NA"
13,365059.01,7540537.06,"Mar",2015-03-21 11:10:00,"Out of sight","NA","NA"
13,365041.06,7540549.56,"Mar",2015-03-21 11:15:00,"Out of sight","NA","NA"
13,365025.99,7540544.9,"Mar",2015-03-21 11:20:00,"Out of sight","NA","NA"
13,364977.43,7540545.83,"Mar",2015-03-21 11:25:00,"Foraging","NA","NA"
13,364965.03,7540558.9,"Mar",2015-03-21 11:30:00,"Foraging","NA","NA"
13,364967.29,7540561.09,"Mar",2015-03-21 11:35:00,"Foraging","NA","NA"
13,364955.9,7540567.19,"Mar",2015-03-21 11:40:00,"Out of sight","NA","NA"
13,364940.15,7540576.99,"Mar",2015-03-21 11:45:00,"Foraging","NA","NA"
13,364929.74,7540582.86,"Mar",2015-03-21 11:50:00,"Out of sight","NA","NA"
13,364929.95,7540582.9,"Mar",2015-03-21 11:55:00,"Out of sight","NA","NA"
13,364920.73,7540584.82,"Mar",2015-03-21 12:00:00,"Locomotion","NA","NA"
13,364889.94,7540589.38,"Mar",2015-03-21 12:05:00,"Out of sight","NA","NA"
13,364883.45,7540586.62,"Mar",2015-03-21 12:10:00,"Out of sight","NA","NA"
13,364880.62,7540589.64,"Mar",2015-03-21 12:15:00,"Out of sight","NA","NA"
13,364878.63,7540586.48,"Mar",2015-03-21 12:20:00,"Out of sight","NA","NA"
13,364882.17,7540592.48,"Mar",2015-03-21 12:25:00,"Inactive","NA","NA"
13,364899.48,7540582.94,"Mar",2015-03-21 12:30:00,"Foraging","NA","NA"
13,364932.19,7540591.42,"Mar",2015-03-21 12:35:00,"Locomotion","NA","NA"
13,364960.44,7540595.38,"Mar",2015-03-21 12:40:00,"Foraging","NA","NA"
13,364978.89,7540583.6,"Mar",2015-03-21 12:45:00,"Foraging","NA","NA"
13,365006.89,7540562.53,"Mar",2015-03-21 12:50:00,"Locomotion","NA","NA"
13,365052.65,7540586.7,"Mar",2015-03-21 12:55:00,"Inactive","NA","NA"
13,365107.04,7540581.74,"Mar",2015-03-21 13:00:00,"Locomotion","NA","NA"
13,365192.27,7540570.29,"Mar",2015-03-21 13:05:00,"Locomotion","NA","NA"
13,365248.24,7540594.48,"Mar",2015-03-21 13:10:00,"Foraging","NA","NA"
13,365264.21,7540589.61,"Mar",2015-03-21 13:15:00,"Foraging","NA","NA"
13,365265.42,7540596.34,"Mar",2015-03-21 13:20:00,"Resting","NA","NA"
13,365284.71,7540608.39,"Mar",2015-03-21 13:25:00,"NA","NA","NA"
13,365304.04,7540620.41,"Mar",2015-03-21 13:30:00,"Foraging","NA","NA"
13,365308.45,7540622.39,"Mar",2015-03-21 13:35:00,"Inactive","NA","NA"
13,365307.84,7540650.24,"Mar",2015-03-21 13:40:00,"Out of sight","NA","SMaf042"
13,365307.84,7540650.24,"Mar",2015-03-21 13:45:00,"Frugivory","NA","SMaf042"
13,365334.53,7540657.37,"Mar",2015-03-21 13:50:00,"Inactive","NA","NA"
13,365357.05,7540665.49,"Mar",2015-03-21 13:55:00,"Frugivory","NA","SMaf010"
13,365357.05,7540665.49,"Mar",2015-03-21 14:00:00,"Frugivory","NA","SMaf010"
13,365357.05,7540665.49,"Mar",2015-03-21 14:05:00,"Resting","NA","SMaf010"
13,365357.05,7540665.49,"Mar",2015-03-21 14:10:00,"Frugivory","NA","SMaf010"
13,365357.05,7540665.49,"Mar",2015-03-21 14:15:00,"Resting","NA","SMaf010"
13,365357.05,7540665.49,"Mar",2015-03-21 14:20:00,"Resting","NA","SMaf010"
13,365357.05,7540665.49,"Mar",2015-03-21 14:25:00,"Resting","NA","SMaf010"
13,365357.05,7540665.49,"Mar",2015-03-21 14:30:00,"Resting","NA","SMaf010"
13,365357.05,7540665.49,"Mar",2015-03-21 14:35:00,"Resting","NA","SMaf010"
13,365357.05,7540665.49,"Mar",2015-03-21 14:40:00,"Resting","NA","SMaf010"
13,365357.05,7540665.49,"Mar",2015-03-21 14:45:00,"Resting","NA","SMaf010"
13,365371.32,7540674.4,"Mar",2015-03-21 14:50:00,"Inactive","NA","NA"
13,365368.83,7540676.11,"Mar",2015-03-21 14:55:00,"Foraging","NA","NA"
13,365373.92,7540669.47,"Mar",2015-03-21 15:00:00,"Foraging","NA","NA"
13,365374.22,7540669.94,"Mar",2015-03-21 15:05:00,"Foraging","NA","NA"
13,365374.82,7540670.5,"Mar",2015-03-21 15:10:00,"Locomotion","NA","NA"
13,365408.92,7540681.8,"Mar",2015-03-21 15:15:00,"Foraging","NA","NA"
13,365404.58,7540690.74,"Mar",2015-03-21 15:20:00,"Foraging","NA","NA"
13,365408.14,7540699.68,"Mar",2015-03-21 15:25:00,"Out of sight","NA","NA"
13,365411.73,7540708.64,"Mar",2015-03-21 15:30:00,"Out of sight","NA","NA"
13,365411.24,7540719.19,"Mar",2015-03-21 15:35:00,"Out of sight","NA","NA"
13,365408.82,7540716.67,"Mar",2015-03-21 15:40:00,"Out of sight","NA","NA"
13,365387.29,7540710.43,"Mar",2015-03-21 15:45:00,"Foraging","NA","NA"
13,365391.58,7540708.71,"Mar",2015-03-21 15:50:00,"Foraging","NA","NA"
13,365387.94,7540712.71,"Mar",2015-03-21 15:55:00,"Inactive","NA","NA"
13,365375.87,7540688.33,"Mar",2015-03-21 16:00:00,"Inactive","NA","NA"
13,365363.83,7540663.94,"Mar",2015-03-21 16:05:00,"Foraging","NA","SMaf010"
13,365363.83,7540663.94,"Mar",2015-03-21 16:10:00,"Frugivory","NA","SMaf010"
13,365363.83,7540663.94,"Mar",2015-03-21 16:15:00,"Frugivory","NA","SMaf010"
13,365293.76,7540670.32,"Mar",2015-03-21 16:20:00,"Inactive","NA","NA"
13,365256.91,7540703.61,"Mar",2015-03-21 16:25:00,"Resting","NA","NA"
13,365215.9404,7540754.401,"Mar",2015-03-21 16:30:00,"Sleeping site","NA","SS008"
14,365080.4971,7540655.498,"Mar",2015-03-29 07:05:00,"Sleeping site","NA","SS009"
14,365064.44,7540663.05,"Mar",2015-03-29 07:10:00,"Locomotion","NA","NA"
14,365048.53,7540671.08,"Mar",2015-03-29 07:15:00,"Inactive","NA","NA"
14,365022.01,7540705.77,"Mar",2015-03-29 07:20:00,"Foraging","Phoradendron quadrangulare","AMf018"
14,365020.63,7540707.68,"Mar",2015-03-29 07:25:00,"Foraging","Phoradendron quadrangulare","AMf018"
14,365022.65,7540710.32,"Mar",2015-03-29 07:30:00,"Inactive","Phoradendron quadrangulare","AMf018"
14,365016.18,7540703.92,"Mar",2015-03-29 07:35:00,"Frugivory","Phoradendron quadrangulare","AMf018"
14,365018.1,7540704.4,"Mar",2015-03-29 07:40:00,"Inactive","Phoradendron quadrangulare","AMf018"
14,365020.08,7540704.84,"Mar",2015-03-29 07:45:00,"Out of sight","Phoradendron quadrangulare","AMf018"
14,365019.52,7540691.3,"Mar",2015-03-29 07:50:00,"Frugivory","Phoradendron quadrangulare","AMf018"
14,365001.49,7540679.18,"Mar",2015-03-29 07:55:00,"Inactive","NA","NA"
14,364975.86,7540668.62,"Mar",2015-03-29 08:00:00,"Foraging","NA","NA"
14,364968.08,7540626.6,"Mar",2015-03-29 08:05:00,"Frugivory","Phoradendron quadrangulare","AMf019"
14,364968.08,7540626.6,"Mar",2015-03-29 08:10:00,"Frugivory","Phoradendron quadrangulare","AMf019"
14,364968.08,7540626.6,"Mar",2015-03-29 08:15:00,"Frugivory","Phoradendron quadrangulare","AMf019"
14,364968.08,7540626.6,"Mar",2015-03-29 08:20:00,"Frugivory","Phoradendron quadrangulare","AMf019"
14,364968.08,7540626.6,"Mar",2015-03-29 08:25:00,"Frugivory","Phoradendron quadrangulare","AMf019"
14,364954.33,7540625.52,"Mar",2015-03-29 08:30:00,"Locomotion","NA","NA"
14,364913.4,7540650.98,"Mar",2015-03-29 08:35:00,"Inactive","NA","NA"
14,364904.21,7540703.98,"Mar",2015-03-29 08:40:00,"Frugivory","Phoradendron quadrangulare","AMf020"
14,364904.21,7540703.98,"Mar",2015-03-29 08:45:00,"Frugivory","Phoradendron quadrangulare","AMf020"
14,364904.21,7540703.98,"Mar",2015-03-29 08:50:00,"Frugivory","Phoradendron quadrangulare","AMf020"
14,364904.21,7540703.98,"Mar",2015-03-29 08:55:00,"Frugivory","Phoradendron quadrangulare","AMf020"
14,364901.58,7540758.73,"Mar",2015-03-29 09:00:00,"Inactive","NA","NA"
14,364905.94,7540810.72,"Mar",2015-03-29 09:05:00,"Resting","NA","NA"
14,364923.47,7540807.43,"Mar",2015-03-29 09:10:00,"Frugivory","Phoradendron quadrangulare","AMf021"
14,364951.38,7540815.99,"Mar",2015-03-29 09:15:00,"Locomotion","NA","NA"
14,364965.36,7540837.77,"Mar",2015-03-29 09:20:00,"Locomotion","NA","NA"
14,364980.17,7540865.48,"Mar",2015-03-29 09:25:00,"Locomotion","NA","NA"
14,364985.32,7540877.99,"Mar",2015-03-29 09:30:00,"Foraging","NA","NA"
14,364990.71,7540935.09,"Mar",2015-03-29 09:35:00,"Inactive","NA","NA"
14,365007.35,7540953.13,"Mar",2015-03-29 09:40:00,"Foraging","NA","NA"
14,365015.19,7540990.49,"Mar",2015-03-29 09:45:00,"Foraging","NA","NA"
14,365015.59,7541019.91,"Mar",2015-03-29 09:50:00,"Out of sight","NA","NA"
14,365080.99,7541082.66,"Mar",2015-03-29 09:55:00,"Marking territory","NA","NA"
14,365090.79,7541123.87,"Mar",2015-03-29 10:00:00,"Frugivory","Celtis fluminensis","AMf158"
14,365100.04,7541131.86,"Mar",2015-03-29 10:05:00,"Frugivory","Celtis fluminensis","AMf158"
14,365151.84,7541159.73,"Mar",2015-03-29 10:10:00,"Frugivory","Celtis fluminensis","SMaf052"
14,365155.57,7541201.68,"Mar",2015-03-29 10:15:00,"Foraging","NA","NA"
14,365158.02,7541203.15,"Mar",2015-03-29 10:20:00,"Out of sight","NA","NA"
14,365178.2,7541211.13,"Mar",2015-03-29 10:25:00,"Locomotion","NA","NA"
14,365209.57,7541215.25,"Mar",2015-03-29 10:30:00,"Out of sight","NA","NA"
14,365229.99,7541208.48,"Mar",2015-03-29 10:35:00,"Foraging","NA","NA"
14,365235.18,7541219.58,"Mar",2015-03-29 10:40:00,"Frugivory","NA","SMaf053"
14,365256.64,7541245.08,"Mar",2015-03-29 10:45:00,"Frugivory","NA","SMaf054"
14,365248.01,7541276.58,"Mar",2015-03-29 10:50:00,"Inactive","NA","NA"
14,365278.13,7541298.33,"Mar",2015-03-29 10:55:00,"Inactive","NA","NA"
14,365287.61,7541308.82,"Mar",2015-03-29 11:00:00,"Frugivory","Eugenia aff. ramboi","SMaf055"
14,365294.37,7541333.17,"Mar",2015-03-29 11:05:00,"Out of sight","NA","NA"
14,365295.79,7541356.45,"Mar",2015-03-29 11:10:00,"Frugivory","Eugenia aff. ramboi","AMf025"
14,365308.92,7541383.62,"Mar",2015-03-29 11:15:00,"Inactive","Eugenia aff. ramboi","AMf025"
14,365320.14,7541399.51,"Mar",2015-03-29 11:20:00,"Frugivory","Eugenia aff. ramboi","AMf025"
14,365340.28,7541374.8,"Mar",2015-03-29 11:25:00,"Inactive","NA","NA"
14,365352.79,7541358.73,"Mar",2015-03-29 11:30:00,"Frugivory","Eugenia aff. ramboi","AMf028"
14,365367.82,7541350.72,"Mar",2015-03-29 11:35:00,"Frugivory","Eugenia aff. ramboi","AMf028"
14,365377.06,7541337.71,"Mar",2015-03-29 11:40:00,"Inactive","Eugenia aff. ramboi","AMf028"
14,365375.32,7541335.82,"Mar",2015-03-29 11:45:00,"Inactive","Eugenia aff. ramboi","AMf028"
14,365411.92,7541324.65,"Mar",2015-03-29 11:50:00,"Frugivory","Eugenia aff. ramboi","AMf028"
14,365439.14,7541332.59,"Mar",2015-03-29 11:55:00,"Foraging","NA","NA"
14,365443.63,7541329.14,"Mar",2015-03-29 12:00:00,"Locomotion","NA","NA"
14,365447.88,7541325.46,"Mar",2015-03-29 12:05:00,"Inactive","NA","NA"
14,365451.9,7541284.54,"Mar",2015-03-29 12:10:00,"Inactive","NA","NA"
14,365455.87,7541243.45,"Mar",2015-03-29 12:15:00,"Locomotion","NA","NA"
14,365456.16,7541204.63,"Mar",2015-03-29 12:20:00,"Frugivory","Eugenia aff. ramboi","AMf029"
14,365447.63,7541173.57,"Mar",2015-03-29 12:25:00,"Frugivory","Celtis fluminensis","AMf030"
14,365457.01,7541155.31,"Mar",2015-03-29 12:30:00,"Frugivory","Celtis fluminensis","AMf030"
14,365457.01,7541155.31,"Mar",2015-03-29 12:35:00,"Frugivory","Celtis fluminensis","AMf030"
14,365457.01,7541155.31,"Mar",2015-03-29 12:40:00,"Frugivory","Celtis fluminensis","AMf030"
14,365452.16,7541156.81,"Mar",2015-03-29 12:45:00,"Resting","Celtis fluminensis","AMf030"
14,365458.18,7541156.19,"Mar",2015-03-29 12:50:00,"Inactive","Celtis fluminensis","AMf030"
14,365460.91,7541150.74,"Mar",2015-03-29 12:55:00,"Inactive","Celtis fluminensis","AMf030"
14,365481.38,7541151.97,"Mar",2015-03-29 13:00:00,"Foraging","NA","NA"
14,365506.75,7541149.75,"Mar",2015-03-29 13:05:00,"Frugivory","Eugenia aff. ramboi","AMf031"
14,365506.75,7541149.75,"Mar",2015-03-29 13:10:00,"Foraging","Eugenia aff. ramboi","AMf031"
14,365506.75,7541149.75,"Mar",2015-03-29 13:15:00,"Foraging","Eugenia aff. ramboi","AMf031"
14,365506.75,7541149.75,"Mar",2015-03-29 13:20:00,"Foraging","Eugenia aff. ramboi","AMf031"
14,365518.61,7541117.07,"Mar",2015-03-29 13:25:00,"Out of sight","NA","NA"
14,365517.25,7541088.54,"Mar",2015-03-29 13:30:00,"Inactive","NA","NA"
14,365517,7541039.9,"Mar",2015-03-29 13:35:00,"Inactive","NA","NA"
14,365522.75,7541033.03,"Mar",2015-03-29 13:40:00,"Foraging","NA","NA"
14,365536.88,7541011.31,"Mar",2015-03-29 13:45:00,"Resting","NA","NA"
14,365531.66,7541012.22,"Mar",2015-03-29 13:50:00,"Resting","NA","NA"
14,365531.99,7541005.88,"Mar",2015-03-29 13:55:00,"Resting","NA","NA"
14,365534.08,7541008.84,"Mar",2015-03-29 14:00:00,"Resting","NA","NA"
14,365532.97,7541011.02,"Mar",2015-03-29 14:05:00,"Resting","NA","NA"
14,365533.82,7541007.21,"Mar",2015-03-29 14:10:00,"Resting","NA","NA"
14,365535.1,7541010.38,"Mar",2015-03-29 14:15:00,"Resting","NA","NA"
14,365534.02,7541008.87,"Mar",2015-03-29 14:20:00,"Resting","NA","NA"
14,365534.07,7541012.89,"Mar",2015-03-29 14:25:00,"Resting","NA","NA"
14,365533.24,7541006.54,"Mar",2015-03-29 14:30:00,"Resting","NA","NA"
14,365535.96,7541005.66,"Mar",2015-03-29 14:35:00,"Resting","NA","NA"
14,365515.56,7540984.26,"Mar",2015-03-29 14:40:00,"Resting","NA","NA"
14,365515.13,7540973.92,"Mar",2015-03-29 14:45:00,"Resting","NA","NA"
14,365495.06,7540941.63,"Mar",2015-03-29 14:50:00,"Resting","NA","NA"
14,365490.83,7540909.09,"Mar",2015-03-29 14:55:00,"Foraging","NA","NA"
14,365484.91,7540884.93,"Mar",2015-03-29 15:00:00,"Locomotion","NA","NA"
14,365432.67,7540852.11,"Mar",2015-03-29 15:05:00,"Foraging","NA","NA"
14,365427.68,7540804.17,"Mar",2015-03-29 15:10:00,"Foraging","NA","NA"
14,365416.55,7540748.55,"Mar",2015-03-29 15:15:00,"Marking territory","NA","NA"
14,365412.7,7540742.62,"Mar",2015-03-29 15:20:00,"Locomotion","NA","SMaf065"
14,365387.58,7540712.15,"Mar",2015-03-29 15:25:00,"Frugivory","NA","SMaf065"
14,365368.61,7540673.17,"Mar",2015-03-29 15:30:00,"Inactive","NA","NA"
14,365362.57,7540659.01,"Mar",2015-03-29 15:35:00,"Frugivory","NA","SMaf010"
14,365362.57,7540659.01,"Mar",2015-03-29 15:40:00,"Frugivory","NA","SMaf010"
14,365362.57,7540659.01,"Mar",2015-03-29 15:45:00,"Frugivory","NA","SMaf010"
14,365362.57,7540659.01,"Mar",2015-03-29 15:50:00,"Frugivory","NA","SMaf010"
14,365362.57,7540659.01,"Mar",2015-03-29 15:55:00,"Frugivory","NA","SMaf010"
14,365321.42,7540651.32,"Mar",2015-03-29 16:00:00,"Locomotion","NA","NA"
14,365296.77,7540673.1,"Mar",2015-03-29 16:05:00,"Frugivory","Celtis fluminensis","AMf032"
14,365296.77,7540673.1,"Mar",2015-03-29 16:10:00,"Frugivory","Celtis fluminensis","AMf032"
14,365249.9,7540705.1,"Mar",2015-03-29 16:15:00,"Resting","NA","NA"
14,365227.45,7540709.54,"Mar",2015-03-29 16:20:00,"Frugivory","NA","SMaf068"
14,365227.45,7540709.54,"Mar",2015-03-29 16:25:00,"Out of sight","NA","SMaf068"
14,365203.08,7540707.8,"Mar",2015-03-29 16:30:00,"Resting","NA","NA"
14,365195.56,7540703.98,"Mar",2015-03-29 16:35:00,"Inactive","NA","NA"
14,365159.26,7540697.07,"Mar",2015-03-29 16:40:00,"Frugivory","Celtis fluminensis","AMf033"
14,365159.26,7540697.07,"Mar",2015-03-29 16:45:00,"Frugivory","Celtis fluminensis","AMf033"
14,365136.96,7540686.78,"Mar",2015-03-29 16:50:00,"Locomotion","NA","NA"
14,365089.37,7540656.93,"Mar",2015-03-29 16:55:00,"Locomotion","NA","NA"
14,365080.4971,7540655.498,"Mar",2015-03-29 17:00:00,"Sleeping site","NA","SS009"
16,365080.4971,7540655.498,"Mar",2015-03-31 07:15:00,"Sleeping site","NA","SS009"
16,365090.83,7540665.91,"Mar",2015-03-31 07:20:00,"Inactive","NA","NA"
16,365119.16,7540680.89,"Mar",2015-03-31 07:25:00,"Frugivory","inch_pass","AMf037"
16,365119.16,7540680.89,"Mar",2015-03-31 07:30:00,"Frugivory","inch_pass","AMf037"
16,365119.16,7540680.89,"Mar",2015-03-31 07:35:00,"Frugivory","inch_pass","AMf037"
16,365127.1,7540685.27,"Mar",2015-03-31 07:40:00,"Frugivory","inch_pass","AMf037"
16,365150.25,7540697.77,"Mar",2015-03-31 07:45:00,"Inactive","NA","NA"
16,365163.94,7540672.49,"Mar",2015-03-31 07:50:00,"Marking territory","NA","NA"
16,365174.36,7540668.28,"Mar",2015-03-31 07:55:00,"Frugivory","NA","AMf038"
16,365174.36,7540668.28,"Mar",2015-03-31 08:00:00,"Frugivory","NA","AMf038"
16,365174.36,7540668.28,"Mar",2015-03-31 08:05:00,"Frugivory","NA","AMf038"
16,365192.03,7540669.79,"Mar",2015-03-31 08:10:00,"Frugivory","NA","AMf039"
16,365204.59,7540677.61,"Mar",2015-03-31 08:15:00,"Frugivory","NA","AMf039"
16,365202.17,7540708.81,"Mar",2015-03-31 08:20:00,"Foraging","NA","NA"
16,365205.84,7540716.17,"Mar",2015-03-31 08:25:00,"Foraging","NA","NA"
16,365187.7,7540726.45,"Mar",2015-03-31 08:30:00,"Frugivory","NA","AMf040"
16,365187.7,7540726.45,"Mar",2015-03-31 08:35:00,"Frugivory","NA","AMf040"
16,365182.2,7540743.7,"Mar",2015-03-31 08:40:00,"Inactive","NA","NA"
16,365185.35,7540755.84,"Mar",2015-03-31 08:45:00,"Frugivory","NA","SMaf077"
16,365192.67,7540769.43,"Mar",2015-03-31 08:50:00,"Frugivory","NA","SMaf077"
16,365185.52,7540809.42,"Mar",2015-03-31 08:55:00,"Frugivory","NA","SMaf078"
16,365173.59,7540849.41,"Mar",2015-03-31 09:00:00,"Frugivory","Celtis fluminensis","AMf043"
16,365173.59,7540849.41,"Mar",2015-03-31 09:05:00,"Frugivory","Celtis fluminensis","AMf043"
16,365165.58,7540873.43,"Mar",2015-03-31 09:10:00,"Inactive","NA","NA"
16,365162.72,7540891.6,"Mar",2015-03-31 09:15:00,"Inactive","NA","NA"
16,365151.56,7540909.48,"Mar",2015-03-31 09:20:00,"Out of sight","NA","NA"
16,365155.04,7540913.7,"Mar",2015-03-31 09:25:00,"Inactive","NA","AMf044"
16,365143.64,7540944.43,"Mar",2015-03-31 09:30:00,"Frugivory","NA","AMf044"
16,365143.64,7540944.43,"Mar",2015-03-31 09:35:00,"Foraging","NA","AMf044"
16,365152.39,7540969.57,"Mar",2015-03-31 09:40:00,"Inactive","NA","NA"
16,365172.75,7540995.36,"Mar",2015-03-31 09:45:00,"Inactive","NA","NA"
16,365195.84,7541028.18,"Mar",2015-03-31 09:50:00,"Foraging","NA","NA"
16,365218.94,7541061.92,"Mar",2015-03-31 09:55:00,"Foraging","NA","NA"
16,365261.09,7541072.08,"Mar",2015-03-31 10:00:00,"Inactive","NA","NA"
16,365310.26,7541069.34,"Mar",2015-03-31 10:05:00,"Inactive","NA","NA"
16,365324.2,7541085.07,"Mar",2015-03-31 10:10:00,"Foraging","NA","NA"
16,365357.53,7541096.74,"Mar",2015-03-31 10:15:00,"Inactive","NA","NA"
16,365363.72,7541122.85,"Mar",2015-03-31 10:20:00,"Foraging","NA","NA"
16,365385.38,7541147.22,"Mar",2015-03-31 10:25:00,"Foraging","NA","NA"
16,365394.05,7541157.67,"Mar",2015-03-31 10:30:00,"Out of sight","NA","NA"
16,365419.57,7541171.16,"Mar",2015-03-31 10:35:00,"Inactive","NA","NA"
16,365438.75,7541162.41,"Mar",2015-03-31 10:40:00,"Frugivory","Celtis fluminensis","AMf030"
16,365438.75,7541162.41,"Mar",2015-03-31 10:45:00,"Frugivory","Celtis fluminensis","AMf030"
16,365463.09,7541162.23,"Mar",2015-03-31 10:50:00,"Frugivory","Celtis fluminensis","AMf030"
16,365463.09,7541162.23,"Mar",2015-03-31 10:55:00,"Foraging","Celtis fluminensis","AMf030"
16,365463.09,7541162.23,"Mar",2015-03-31 11:00:00,"Frugivory","Celtis fluminensis","AMf030"
16,365463.09,7541162.23,"Mar",2015-03-31 11:05:00,"Frugivory","Celtis fluminensis","AMf030"
16,365477.01,7541158.81,"Mar",2015-03-31 11:10:00,"Inactive","NA","NA"
16,365504.95,7541157.96,"Mar",2015-03-31 11:15:00,"Frugivory","Eugenia aff. ramboi","AMf031"
16,365504.95,7541157.96,"Mar",2015-03-31 11:20:00,"Frugivory","Eugenia aff. ramboi","AMf031"
16,365520.78,7541156.19,"Mar",2015-03-31 11:25:00,"Resting","NA","NA"
16,365542.14,7541150.46,"Mar",2015-03-31 11:30:00,"Foraging","NA","NA"
16,365551.13,7541154.26,"Mar",2015-03-31 11:35:00,"Inactive","NA","NA"
16,365572.84,7541136.55,"Mar",2015-03-31 11:40:00,"Locomotion","NA","NA"
16,365588.03,7541129.51,"Mar",2015-03-31 11:45:00,"Frugivory","NA","SMaf084"
16,365614.53,7541113.43,"Mar",2015-03-31 11:50:00,"Frugivory","Eugenia aff. ramboi","AMf051"
16,365630.02,7541127,"Mar",2015-03-31 11:55:00,"Resting","NA","NA"
16,365639.1,7541111.33,"Mar",2015-03-31 12:00:00,"Inactive","Eugenia aff. ramboi","AMf138"
16,365639.1,7541111.33,"Mar",2015-03-31 12:05:00,"Gummivory","Eugenia aff. ramboi","AMf138"
16,365639.1,7541111.33,"Mar",2015-03-31 12:10:00,"Frugivory","Eugenia aff. ramboi","AMf138"
16,365639.9,7541083.27,"Mar",2015-03-31 12:15:00,"Frugivory","Eugenia aff. ramboi","AMf199"
16,365663.58,7541082.42,"Mar",2015-03-31 12:20:00,"Inactive","NA","NA"
16,365668.73,7541091.31,"Mar",2015-03-31 12:25:00,"Inactive","NA","NA"
16,365692.98,7541087.06,"Mar",2015-03-31 12:30:00,"Foraging","NA","NA"
16,365685.22,7541106.51,"Mar",2015-03-31 12:35:00,"Frugivory","NA","AMf052"
16,365685.22,7541106.51,"Mar",2015-03-31 12:40:00,"Foraging","NA","AMf052"
16,365710.6,7541122.24,"Mar",2015-03-31 12:45:00,"Foraging","NA","NA"
16,365708.7,7541121.27,"Mar",2015-03-31 12:50:00,"Foraging","NA","NA"
16,365718.15,7541095.66,"Mar",2015-03-31 12:55:00,"Frugivory","NA","AMf053"
16,365703.8,7541087.21,"Mar",2015-03-31 13:00:00,"Foraging","NA","NA"
16,365696.65,7541068.93,"Mar",2015-03-31 13:05:00,"Out of sight","NA","NA"
16,365707.25,7541053.45,"Mar",2015-03-31 13:10:00,"Frugivory","Eugenia aff. ramboi","AMf054"
16,365702.62,7541046.24,"Mar",2015-03-31 13:15:00,"Frugivory","Eugenia aff. ramboi","AMf054"
16,365696.1,7541032.66,"Mar",2015-03-31 13:20:00,"Frugivory","Eugenia aff. ramboi","AMf054"
16,365689.19,7541019.01,"Mar",2015-03-31 13:25:00,"Long call","NA","NA"
16,365645.89,7540998.16,"Mar",2015-03-31 13:30:00,"Inactive","NA","NA"
16,365646.84,7540997.33,"Mar",2015-03-31 13:35:00,"Inactive","NA","NA"
16,365644.09,7540979.21,"Mar",2015-03-31 13:40:00,"Resting","NA","NA"
16,365645.77,7540979.03,"Mar",2015-03-31 13:45:00,"Resting","NA","NA"
16,365644.87,7540980.12,"Mar",2015-03-31 13:50:00,"Resting","NA","NA"
16,365645.27,7540980.45,"Mar",2015-03-31 13:55:00,"Resting","NA","NA"
16,365645.81,7540977.7,"Mar",2015-03-31 14:00:00,"Resting","NA","NA"
16,365647.14,7540975.28,"Mar",2015-03-31 14:05:00,"Inactive","NA","NA"
16,365646.53,7540973.2,"Mar",2015-03-31 14:10:00,"Inactive","NA","NA"
16,365632.59,7540977.71,"Mar",2015-03-31 14:15:00,"Frugivory","Eugenia aff. ramboi","AMf057"
16,365626.35,7540962.54,"Mar",2015-03-31 14:20:00,"Frugivory","NA","AMf058"
16,365619.07,7540938.9,"Mar",2015-03-31 14:25:00,"Frugivory","NA","AMf060"
16,365586.2,7540928.4,"Mar",2015-03-31 14:30:00,"Inactive","Celtis fluminensis","AMf061"
16,365586.2,7540928.4,"Mar",2015-03-31 14:35:00,"Frugivory","Celtis fluminensis","AMf061"
16,365574.88,7540917.48,"Mar",2015-03-31 14:40:00,"Inactive","NA","NA"
16,365549.75,7540900.11,"Mar",2015-03-31 14:45:00,"Frugivory","Celtis fluminensis","AMf132"
16,365540.26,7540898.86,"Mar",2015-03-31 14:50:00,"Frugivory","Celtis fluminensis","AMf132"
16,365540.26,7540898.86,"Mar",2015-03-31 14:55:00,"Frugivory","Celtis fluminensis","AMf132"
16,365548.16,7540881.06,"Mar",2015-03-31 15:00:00,"Frugivory","NA","SMaf099"
16,365548.16,7540881.06,"Mar",2015-03-31 15:05:00,"Frugivory","NA","SMaf099"
16,365558.39,7540852.33,"Mar",2015-03-31 15:10:00,"Resting","NA","NA"
16,365574.1,7540833.91,"Mar",2015-03-31 15:15:00,"Foraging","NA","NA"
16,365574.01,7540835.69,"Mar",2015-03-31 15:20:00,"Foraging","NA","NA"
16,365599.67,7540838.02,"Mar",2015-03-31 15:25:00,"Resting","NA","NA"
16,365602.65,7540840.99,"Mar",2015-03-31 15:30:00,"Foraging","NA","NA"
16,365605.27,7540811.78,"Mar",2015-03-31 15:35:00,"Resting","NA","NA"
16,365606.22,7540796.09,"Mar",2015-03-31 15:40:00,"Frugivory","Celtis fluminensis","AMf066"
16,365606.22,7540796.09,"Mar",2015-03-31 15:45:00,"Frugivory","Celtis fluminensis","AMf066"
16,365614.46,7540788.24,"Mar",2015-03-31 15:50:00,"Inactive","Celtis fluminensis","AMf066"
16,365643.78,7540785.62,"Mar",2015-03-31 15:55:00,"Marking territory","NA","NA"
16,365675.8319,7540767.901,"Mar",2015-03-31 16:00:00,"Sleeping site","NA","SS002"
20,364676.3126,7540728.996,"Apr",2015-04-09 07:10:00,"Sleeping site","NA","SS004"
20,364666.61,7540752.74,"Apr",2015-04-09 07:15:00,"Inactive","NA","NA"
20,364670.34,7540750.78,"Apr",2015-04-09 07:20:00,"Inactive","NA","NA"
20,364666.15,7540722.89,"Apr",2015-04-09 07:25:00,"Frugivory","inch_pass","AMf218"
20,364666.15,7540722.89,"Apr",2015-04-09 07:30:00,"Frugivory","inch_pass","AMf218"
20,364666.15,7540722.89,"Apr",2015-04-09 07:35:00,"Frugivory","inch_pass","AMf218"
20,364666.15,7540722.89,"Apr",2015-04-09 07:40:00,"Frugivory","inch_pass","AMf218"
20,364666.15,7540722.89,"Apr",2015-04-09 07:45:00,"Inactive","inch_pass","AMf218"
20,364697.13,7540739.16,"Apr",2015-04-09 07:50:00,"Marking territory","NA","NA"
20,364702.97,7540752.28,"Apr",2015-04-09 07:55:00,"Inactive","NA","NA"
20,364721.68,7540766.16,"Apr",2015-04-09 08:00:00,"Inactive","NA","NA"
20,364729.67,7540806.27,"Apr",2015-04-09 08:05:00,"Inactive","NA","NA"
20,364719.7,7540848.47,"Apr",2015-04-09 08:10:00,"Inactive","NA","NA"
20,364704.16,7540895.73,"Apr",2015-04-09 08:15:00,"Inactive","NA","NA"
20,364670.77,7540935.3,"Apr",2015-04-09 08:20:00,"Foraging","NA","NA"
20,364639.2,7540958.63,"Apr",2015-04-09 08:25:00,"Marking territory","NA","NA"
20,364613,7540965.74,"Apr",2015-04-09 08:30:00,"Frugivory","NA","SMaf102"
20,364613,7540965.74,"Apr",2015-04-09 08:35:00,"Frugivory","NA","SMaf102"
20,364613,7540965.74,"Apr",2015-04-09 08:40:00,"Frugivory","NA","SMaf102"
20,364613,7540965.74,"Apr",2015-04-09 08:45:00,"Frugivory","NA","SMaf102"
20,364613,7540965.74,"Apr",2015-04-09 08:50:00,"Frugivory","NA","SMaf102"
20,364613,7540965.74,"Apr",2015-04-09 08:55:00,"Inactive","NA","SMaf102"
20,364628.88,7541008.11,"Apr",2015-04-09 09:00:00,"Inactive","NA","NA"
20,364627.86,7541032.52,"Apr",2015-04-09 09:05:00,"Locomotion","NA","NA"
20,364625.21,7541063.92,"Apr",2015-04-09 09:10:00,"Foraging","NA","AMf186"
20,364633.17,7541066.14,"Apr",2015-04-09 09:15:00,"Frugivory","NA","AMf186"
20,364633.17,7541066.14,"Apr",2015-04-09 09:20:00,"Frugivory","NA","AMf186"
20,364633.17,7541066.14,"Apr",2015-04-09 09:25:00,"Frugivory","NA","AMf186"
20,364633.17,7541066.14,"Apr",2015-04-09 09:30:00,"Frugivory","NA","AMf186"
20,364633.17,7541066.14,"Apr",2015-04-09 09:35:00,"Frugivory","NA","AMf186"
20,364633.17,7541066.14,"Apr",2015-04-09 09:40:00,"Frugivory","NA","AMf186"
20,364633.17,7541066.14,"Apr",2015-04-09 09:45:00,"Inactive","NA","AMf186"
20,364633.17,7541066.14,"Apr",2015-04-09 09:50:00,"Frugivory","NA","AMf186"
20,364633.17,7541066.14,"Apr",2015-04-09 09:55:00,"Frugivory","NA","AMf186"
20,364633.17,7541066.14,"Apr",2015-04-09 10:00:00,"Frugivory","NA","AMf186"
20,364633.17,7541066.14,"Apr",2015-04-09 10:05:00,"Locomotion","NA","AMf186"
20,364658.49,7541079.93,"Apr",2015-04-09 10:10:00,"Inactive","NA","NA"
20,364667.17,7541100.78,"Apr",2015-04-09 10:15:00,"Foraging","NA","NA"
20,364705.4,7541104.78,"Apr",2015-04-09 10:20:00,"Inactive","NA","NA"
20,364714.87,7541121.72,"Apr",2015-04-09 10:25:00,"Foraging","NA","NA"
20,364760.56,7541148.61,"Apr",2015-04-09 10:30:00,"Locomotion","NA","NA"
20,364785.78,7541154.36,"Apr",2015-04-09 10:35:00,"Locomotion","NA","NA"
20,364863.35,7541223.07,"Apr",2015-04-09 10:40:00,"Foraging","inch_pass","AMf109"
20,364863.35,7541223.07,"Apr",2015-04-09 10:45:00,"Frugivory","inch_pass","AMf109"
20,364863.35,7541223.07,"Apr",2015-04-09 10:50:00,"Frugivory","inch_pass","AMf109"
20,364863.35,7541223.07,"Apr",2015-04-09 10:55:00,"Frugivory","inch_pass","AMf109"
20,364863.35,7541223.07,"Apr",2015-04-09 11:00:00,"Locomotion","inch_pass","AMf109"
20,364880.29,7541223.71,"Apr",2015-04-09 11:05:00,"Locomotion","NA","NA"
20,364956.03,7541287.8,"Apr",2015-04-09 11:10:00,"Locomotion","NA","NA"
20,364983.36,7541294.99,"Apr",2015-04-09 11:15:00,"Out of sight","NA","NA"
20,364983.86,7541298.5,"Apr",2015-04-09 11:20:00,"Foraging","NA","NA"
20,364999.63,7541357.25,"Apr",2015-04-09 11:25:00,"Frugivory","Eugenia aff. ramboi","AMf112"
20,364999.63,7541357.25,"Apr",2015-04-09 11:30:00,"Frugivory","Eugenia aff. ramboi","AMf112"
20,364999.63,7541357.25,"Apr",2015-04-09 11:35:00,"Frugivory","Eugenia aff. ramboi","AMf112"
20,364999.63,7541357.25,"Apr",2015-04-09 11:40:00,"Frugivory","Eugenia aff. ramboi","AMf112"
20,365018.01,7541361.52,"Apr",2015-04-09 11:45:00,"Inactive","NA","NA"
20,365021.45,7541360.68,"Apr",2015-04-09 11:50:00,"Foraging","NA","NA"
20,365046.66,7541379.04,"Apr",2015-04-09 11:55:00,"Locomotion","NA","NA"
20,365071.93,7541396.66,"Apr",2015-04-09 12:00:00,"Foraging","NA","NA"
20,365080.18,7541396.64,"Apr",2015-04-09 12:05:00,"Foraging","NA","NA"
20,365081.64,7541398.08,"Apr",2015-04-09 12:10:00,"Foraging","NA","NA"
20,365089.4,7541403.12,"Apr",2015-04-09 12:15:00,"Inactive","NA","NA"
20,365099.16,7541402.17,"Apr",2015-04-09 12:20:00,"Inactive","NA","NA"
20,365105.99,7541394.58,"Apr",2015-04-09 12:25:00,"Inactive","NA","NA"
20,365108.43,7541388.66,"Apr",2015-04-09 12:30:00,"Inactive","NA","NA"
20,365104.02,7541383.28,"Apr",2015-04-09 12:35:00,"Inactive","NA","NA"
20,365124.27,7541343.25,"Apr",2015-04-09 12:40:00,"Inactive","NA","NA"
20,365134.13,7541325.47,"Apr",2015-04-09 12:45:00,"Frugivory","NA","AMf075"
20,365154.73,7541327.08,"Apr",2015-04-09 12:50:00,"Frugivory","NA","AMf075"
20,365171.02,7541319.7,"Apr",2015-04-09 12:55:00,"Resting","NA","NA"
20,365186.3,7541312.11,"Apr",2015-04-09 13:00:00,"Frugivory","Eugenia aff. ramboi","AMf074"
20,365204.33,7541301.65,"Apr",2015-04-09 13:05:00,"Frugivory","Eugenia aff. ramboi","AMf074"
20,365234.26,7541299.88,"Apr",2015-04-09 13:10:00,"Frugivory","Eugenia aff. ramboi","AMf073"
20,365253.56,7541299.16,"Apr",2015-04-09 13:15:00,"Frugivory","Eugenia aff. ramboi","AMf119"
20,365253.56,7541299.16,"Apr",2015-04-09 13:20:00,"Resting","Eugenia aff. ramboi","AMf119"
20,365265.8,7541298.58,"Apr",2015-04-09 13:25:00,"Inactive","NA","NA"
20,365279.89,7541300.97,"Apr",2015-04-09 13:30:00,"Foraging","NA","NA"
20,365323.96,7541326.7,"Apr",2015-04-09 13:35:00,"Frugivory","Eugenia aff. ramboi","AMf122"
20,365350.51,7541327.71,"Apr",2015-04-09 13:40:00,"Frugivory","Eugenia aff. ramboi","AMf028"
20,365368.67,7541331.47,"Apr",2015-04-09 13:45:00,"Resting","Eugenia aff. ramboi","AMf028"
20,365368.67,7541331.47,"Apr",2015-04-09 13:50:00,"Frugivory","Eugenia aff. ramboi","AMf028"
20,365396.99,7541349.19,"Apr",2015-04-09 13:55:00,"Frugivory","Eugenia aff. ramboi","AMf028"
20,365398.32,7541331.99,"Apr",2015-04-09 14:00:00,"Frugivory","Eugenia aff. ramboi","AMf028"
20,365387.24,7541315.55,"Apr",2015-04-09 14:05:00,"Frugivory","Eugenia aff. ramboi","AMf028"
20,365387.24,7541315.55,"Apr",2015-04-09 14:10:00,"Frugivory","Eugenia aff. ramboi","AMf028"
20,365396.51,7541301.69,"Apr",2015-04-09 14:15:00,"Inactive","NA","NA"
20,365404.87,7541295.84,"Apr",2015-04-09 14:20:00,"Resting","NA","NA"
20,365407.2,7541274.89,"Apr",2015-04-09 14:25:00,"Resting","NA","NA"
20,365402.01,7541270.87,"Apr",2015-04-09 14:30:00,"Resting","NA","NA"
20,365374.06,7541255.52,"Apr",2015-04-09 14:35:00,"Resting","NA","NA"
20,365364.88,7541246.17,"Apr",2015-04-09 14:40:00,"Inactive","NA","NA"
20,365386.62,7541230.63,"Apr",2015-04-09 14:45:00,"Frugivory","Celtis fluminensis","AMf071"
20,365386.62,7541230.63,"Apr",2015-04-09 14:50:00,"Frugivory","Celtis fluminensis","AMf071"
20,365386.62,7541230.63,"Apr",2015-04-09 14:55:00,"Frugivory","Celtis fluminensis","AMf071"
20,365392.07,7541194.33,"Apr",2015-04-09 15:00:00,"Inactive","NA","NA"
20,365397.21,7541183.99,"Apr",2015-04-09 15:05:00,"Resting","NA","NA"
20,365447.2,7541192.82,"Apr",2015-04-09 15:10:00,"Foraging","NA","NA"
20,365449.72,7541161.01,"Apr",2015-04-09 15:15:00,"Foraging","NA","NA"
20,365454.74,7541149.76,"Apr",2015-04-09 15:20:00,"Resting","NA","NA"
20,365459.66,7541124.95,"Apr",2015-04-09 15:25:00,"Inactive","NA","NA"
20,365465.59,7541103.68,"Apr",2015-04-09 15:30:00,"Locomotion","NA","NA"
20,365475.75,7541043.9,"Apr",2015-04-09 15:35:00,"Foraging","NA","NA"
20,365476.88,7541039.91,"Apr",2015-04-09 15:40:00,"Foraging","NA","NA"
20,365472.8,7541039.93,"Apr",2015-04-09 15:45:00,"Resting","NA","NA"
20,365471.97,7541042.1,"Apr",2015-04-09 15:50:00,"Resting","NA","NA"
20,365476.59,7541025.2,"Apr",2015-04-09 15:55:00,"Locomotion","NA","NA"
20,365519.7875,7540968.106,"Apr",2015-04-09 16:00:00,"Sleeping site","NA","SS006"
22,364676.3126,7540728.996,"Apr",2015-04-11 07:25:00,"Sleeping site","NA","SS004"
22,364674.42,7540750.64,"Apr",2015-04-11 07:30:00,"Inactive","NA","NA"
22,364662.59,7540768.9,"Apr",2015-04-11 07:35:00,"Inactive","NA","NA"
22,364670.97,7540769.2,"Apr",2015-04-11 07:40:00,"Inactive","NA","NA"
22,364654.63,7540803.45,"Apr",2015-04-11 07:45:00,"Long call","NA","NA"
22,364675.51,7540822.89,"Apr",2015-04-11 07:50:00,"Locomotion","NA","NA"
22,364698.41,7540903.2,"Apr",2015-04-11 07:55:00,"Locomotion","NA","NA"
22,364720.69,7540958.01,"Apr",2015-04-11 08:00:00,"Inactive","Celtis fluminensis","AMf163"
22,364720.69,7540958.01,"Apr",2015-04-11 08:05:00,"Frugivory","Celtis fluminensis","AMf163"
22,364720.69,7540958.01,"Apr",2015-04-11 08:10:00,"Frugivory","Celtis fluminensis","AMf163"
22,364713.66,7540956.03,"Apr",2015-04-11 08:15:00,"Frugivory","Celtis fluminensis","AMf163"
22,364727.95,7540971.77,"Apr",2015-04-11 08:20:00,"Frugivory","Celtis fluminensis","AMf163"
22,364727.95,7540971.77,"Apr",2015-04-11 08:25:00,"Frugivory","Celtis fluminensis","AMf163"
22,364727.95,7540971.77,"Apr",2015-04-11 08:30:00,"Frugivory","Celtis fluminensis","AMf163"
22,364727.95,7540971.77,"Apr",2015-04-11 08:35:00,"Frugivory","Celtis fluminensis","AMf163"
22,364727.95,7540971.77,"Apr",2015-04-11 08:40:00,"Frugivory","Celtis fluminensis","AMf163"
22,364727.95,7540971.77,"Apr",2015-04-11 08:45:00,"Frugivory","Celtis fluminensis","AMf163"
22,364727.95,7540971.77,"Apr",2015-04-11 08:50:00,"Frugivory","Celtis fluminensis","AMf163"
22,364727.95,7540971.77,"Apr",2015-04-11 08:55:00,"Frugivory","Celtis fluminensis","AMf163"
22,364727.95,7540971.77,"Apr",2015-04-11 09:00:00,"Frugivory","Celtis fluminensis","AMf163"
22,364741.57,7540994.96,"Apr",2015-04-11 09:05:00,"Frugivory","NA","SMAf122"
22,364738.92,7541003.27,"Apr",2015-04-11 09:10:00,"Marking territory","NA","SMAf122"
22,364738.92,7541003.27,"Apr",2015-04-11 09:15:00,"Frugivory","NA","SMAf122"
22,364738.92,7541003.27,"Apr",2015-04-11 09:20:00,"Frugivory","NA","SMAf122"
22,364761.26,7540997.88,"Apr",2015-04-11 09:25:00,"Inactive","Celtis fluminensis","AMf188"
22,364769.84,7540994.04,"Apr",2015-04-11 09:30:00,"Frugivory","Celtis fluminensis","AMf188"
22,364769.84,7540994.04,"Apr",2015-04-11 09:35:00,"Frugivory","Celtis fluminensis","AMf188"
22,364769.84,7540994.04,"Apr",2015-04-11 09:40:00,"Foraging","Celtis fluminensis","AMf188"
22,364769.84,7540994.04,"Apr",2015-04-11 09:45:00,"Foraging","Celtis fluminensis","AMf188"
22,364796.07,7540979.77,"Apr",2015-04-11 09:50:00,"Out of sight","NA","NA"
22,364796.77,7540979.49,"Apr",2015-04-11 09:55:00,"Inactive","NA","NA"
22,364838.81,7540946.2,"Apr",2015-04-11 10:00:00,"Locomotion","NA","NA"
22,364857.52,7540910.29,"Apr",2015-04-11 10:05:00,"Inactive","NA","NA"
22,364868.14,7540874.06,"Apr",2015-04-11 10:10:00,"Locomotion","NA","NA"
22,364876.4,7540844.61,"Apr",2015-04-11 10:15:00,"Long call","NA","NA"
22,364785.73,7540878.5,"Apr",2015-04-11 10:20:00,"Locomotion","NA","NA"
22,364787.21,7540870.54,"Apr",2015-04-11 10:25:00,"Locomotion","NA","NA"
22,364768.84,7540862.8,"Apr",2015-04-11 10:30:00,"Long call","NA","NA"
22,364763.07,7540830.41,"Apr",2015-04-11 10:35:00,"Inactive","NA","NA"
22,364752.98,7540806.06,"Apr",2015-04-11 10:40:00,"Inactive","NA","NA"
22,364753.45,7540792.46,"Apr",2015-04-11 10:45:00,"Inactive","NA","NA"
22,364761.43,7540775.89,"Apr",2015-04-11 10:50:00,"Long call","NA","NA"
22,364761.97,7540773.31,"Apr",2015-04-11 10:55:00,"Inactive","NA","NA"
22,364766.57,7540779.68,"Apr",2015-04-11 11:00:00,"Inactive","NA","NA"
22,364778.86,7540775.52,"Apr",2015-04-11 11:05:00,"Inactive","NA","NA"
22,364772.82,7540743.87,"Apr",2015-04-11 11:10:00,"Marking territory","NA","NA"
22,364808.18,7540725.62,"Apr",2015-04-11 11:15:00,"Frugivory","inch_pass","AMf167"
22,364808.18,7540725.62,"Apr",2015-04-11 11:20:00,"Frugivory","inch_pass","AMf167"
22,364808.18,7540725.62,"Apr",2015-04-11 11:25:00,"Out of sight","inch_pass","AMf167"
22,364808.47,7540702.29,"Apr",2015-04-11 11:30:00,"Resting","NA","NA"
22,364810.17,7540673.91,"Apr",2015-04-11 11:35:00,"Frugivory","NA","SMaf126"
22,364810.17,7540673.91,"Apr",2015-04-11 11:40:00,"Frugivory","NA","SMaf126"
22,364810.17,7540673.91,"Apr",2015-04-11 11:45:00,"Frugivory","NA","SMaf126"
22,364810.17,7540673.91,"Apr",2015-04-11 11:50:00,"Frugivory","NA","SMaf126"
22,364810.17,7540673.91,"Apr",2015-04-11 11:55:00,"Frugivory","NA","SMaf126"
22,364810.17,7540673.91,"Apr",2015-04-11 12:00:00,"Frugivory","NA","SMaf126"
22,364810.17,7540673.91,"Apr",2015-04-11 12:05:00,"Frugivory","NA","SMaf126"
22,364810.17,7540673.91,"Apr",2015-04-11 12:10:00,"Frugivory","NA","SMaf126"
22,364810.17,7540673.91,"Apr",2015-04-11 12:15:00,"Frugivory","NA","SMaf126"
22,364816.94,7540680,"Apr",2015-04-11 12:20:00,"Frugivory","NA","SMaf126"
22,364816.94,7540680,"Apr",2015-04-11 12:25:00,"Frugivory","NA","SMaf126"
22,364816.94,7540680,"Apr",2015-04-11 12:30:00,"Frugivory","NA","SMaf126"
22,364816.94,7540680,"Apr",2015-04-11 12:35:00,"Frugivory","NA","SMaf126"
22,364821.1,7540679.1,"Apr",2015-04-11 12:40:00,"Inactive","NA","SMaf126"
22,364818.98,7540674.34,"Apr",2015-04-11 12:45:00,"Inactive","NA","SMaf126"
22,364854.44,7540687.45,"Apr",2015-04-11 12:50:00,"Foraging","Eugenia aff. ramboi","AMf171"
22,364854.44,7540687.45,"Apr",2015-04-11 12:55:00,"Frugivory","Eugenia aff. ramboi","AMf171"
22,364854.44,7540687.45,"Apr",2015-04-11 13:00:00,"Resting","Eugenia aff. ramboi","AMf171"
22,364854.44,7540687.45,"Apr",2015-04-11 13:05:00,"Resting","Eugenia aff. ramboi","AMf171"
22,364854.44,7540687.45,"Apr",2015-04-11 13:10:00,"Resting","Eugenia aff. ramboi","AMf171"
22,364848.79,7540681.27,"Apr",2015-04-11 13:15:00,"Inactive","NA","NA"
22,364841.39,7540664.12,"Apr",2015-04-11 13:20:00,"Foraging","NA","NA"
22,364851.23,7540644.96,"Apr",2015-04-11 13:25:00,"Foraging","NA","NA"
22,364869.79,7540635.45,"Apr",2015-04-11 13:30:00,"Foraging","NA","NA"
22,364865.39,7540631.61,"Apr",2015-04-11 13:35:00,"Inactive","NA","NA"
22,364867.76,7540618.58,"Apr",2015-04-11 13:40:00,"Locomotion","NA","NA"
22,364854.38,7540626.78,"Apr",2015-04-11 13:45:00,"Inactive","NA","NA"
22,364841.28,7540620.87,"Apr",2015-04-11 13:50:00,"Inactive","NA","NA"
22,364876.06,7540627.27,"Apr",2015-04-11 13:55:00,"Inactive","NA","NA"
22,364923.65,7540633.39,"Apr",2015-04-11 14:00:00,"Inactive","NA","NA"
22,364942,7540632.74,"Apr",2015-04-11 14:05:00,"Locomotion","NA","NA"
22,364950.62,7540650.59,"Apr",2015-04-11 14:10:00,"Foraging","NA","NA"
22,364948.81,7540653.94,"Apr",2015-04-11 14:15:00,"Foraging","NA","NA"
22,364952.15,7540663.67,"Apr",2015-04-11 14:20:00,"Frugivory","Celtis fluminensis","AMf173"
22,364993.92,7540701.57,"Apr",2015-04-11 14:25:00,"Frugivory","Celtis fluminensis","AMf174"
22,364993.92,7540701.57,"Apr",2015-04-11 14:30:00,"Frugivory","Celtis fluminensis","AMf174"
22,364993.92,7540701.57,"Apr",2015-04-11 14:35:00,"Frugivory","Celtis fluminensis","AMf174"
22,364993.92,7540701.57,"Apr",2015-04-11 14:40:00,"Frugivory","Celtis fluminensis","AMf174"
22,364993.87,7540710.55,"Apr",2015-04-11 14:45:00,"Inactive","NA","NA"
22,364992.42,7540726.65,"Apr",2015-04-11 14:50:00,"Out of sight","NA","NA"
22,364989.8,7540731.86,"Apr",2015-04-11 14:55:00,"Inactive","NA","NA"
22,364972.37,7540751.18,"Apr",2015-04-11 15:00:00,"Foraging","NA","NA"
22,364962.71,7540755.29,"Apr",2015-04-11 15:05:00,"Locomotion","NA","NA"
22,364953.72,7540780.35,"Apr",2015-04-11 15:10:00,"Frugivory","NA","SMAf130"
22,364915.27,7540803.77,"Apr",2015-04-11 15:15:00,"Resting","NA","NA"
22,364913.22,7540808.15,"Apr",2015-04-11 15:20:00,"Resting","NA","NA"
22,364895.19,7540826.67,"Apr",2015-04-11 15:25:00,"Inactive","NA","NA"
22,364899.3,7540868.85,"Apr",2015-04-11 15:30:00,"Frugivory","Celtis fluminensis","AMf179"
22,364899.3,7540868.85,"Apr",2015-04-11 15:35:00,"Frugivory","Celtis fluminensis","AMf179"
22,364904.65,7540862.25,"Apr",2015-04-11 15:40:00,"Resting","Celtis fluminensis","AMf179"
22,364905.78,7540859.83,"Apr",2015-04-11 15:45:00,"Resting","Celtis fluminensis","AMf179"
22,364875.92,7540863.35,"Apr",2015-04-11 15:50:00,"Resting","NA","NA"
22,364873.32,7540859.51,"Apr",2015-04-11 15:55:00,"Resting","NA","NA"
22,364859.5,7540855.68,"Apr",2015-04-11 16:00:00,"Resting","NA","NA"
22,364841.64,7540860.19,"Apr",2015-04-11 16:05:00,"Inactive","NA","NA"
22,364814.31,7540838.37,"Apr",2015-04-11 16:10:00,"Frugivory","Celtis fluminensis","AMf238"
22,364814.31,7540838.37,"Apr",2015-04-11 16:15:00,"Inactive","Celtis fluminensis","AMf238"
22,364767.98,7540816.4,"Apr",2015-04-11 16:20:00,"Resting","NA","NA"
22,364754.84,7540810.13,"Apr",2015-04-11 16:25:00,"Inactive","NA","NA"
22,364717.16,7540797.78,"Apr",2015-04-11 16:30:00,"Inactive","NA","NA"
22,364685.66,7540779.53,"Apr",2015-04-11 16:35:00,"Inactive","NA","NA"
22,364676.3126,7540728.996,"Apr",2015-04-11 16:40:00,"Sleeping site","NA","SS004"
23,364676.3126,7540728.996,"Apr",2015-04-12 07:20:00,"Sleeping site","NA","SS004"
23,364676.99,7540747.8,"Apr",2015-04-12 07:25:00,"Inactive","NA","NA"
23,364686.49,7540749.02,"Apr",2015-04-12 07:30:00,"Inactive","NA","NA"
23,364690.05,7540752.23,"Apr",2015-04-12 07:35:00,"Inactive","NA","NA"
23,364729.63,7540758.77,"Apr",2015-04-12 07:40:00,"Locomotion","NA","NA"
23,364737.95,7540731.65,"Apr",2015-04-12 07:45:00,"Frugivory","NA","SMaf133"
23,364729.86,7540721.63,"Apr",2015-04-12 07:50:00,"Frugivory","NA","SMaf133"
23,364732.22,7540761.14,"Apr",2015-04-12 07:55:00,"Locomotion","NA","NA"
23,364729.52,7540820.22,"Apr",2015-04-12 08:00:00,"Long call","NA","NA"
23,364708.25,7540838.97,"Apr",2015-04-12 08:05:00,"Locomotion","NA","NA"
23,364707.29,7540885.44,"Apr",2015-04-12 08:10:00,"Inactive","NA","NA"
23,364669.27,7540895.95,"Apr",2015-04-12 08:15:00,"Locomotion","NA","NA"
23,364657.38,7540907.43,"Apr",2015-04-12 08:20:00,"Frugivory","NA","AMf182"
23,364657.38,7540907.43,"Apr",2015-04-12 08:25:00,"Long call","NA","AMf182"
23,364657.38,7540907.43,"Apr",2015-04-12 08:30:00,"Inactive","NA","AMf182"
23,364633.63,7540894.35,"Apr",2015-04-12 08:35:00,"Inactive","NA","NA"
23,364615.24,7540911.55,"Apr",2015-04-12 08:40:00,"Out of sight","NA","NA"
23,364597.58,7540945.69,"Apr",2015-04-12 08:45:00,"Frugivory","inch_pass","AMf185"
23,364597.58,7540945.69,"Apr",2015-04-12 08:50:00,"Frugivory","inch_pass","AMf185"
23,364587.44,7540944.2,"Apr",2015-04-12 08:55:00,"Frugivory","inch_pass","AMf185"
23,364587.44,7540944.2,"Apr",2015-04-12 09:00:00,"Frugivory","inch_pass","AMf185"
23,364587.44,7540944.2,"Apr",2015-04-12 09:05:00,"Frugivory","inch_pass","AMf185"
23,364587.44,7540944.2,"Apr",2015-04-12 09:10:00,"Frugivory","inch_pass","AMf185"
23,364587.44,7540944.2,"Apr",2015-04-12 09:15:00,"Frugivory","inch_pass","AMf185"
23,364587.44,7540944.2,"Apr",2015-04-12 09:20:00,"Long call","inch_pass","AMf185"
23,364587.44,7540944.2,"Apr",2015-04-12 09:25:00,"Long call","inch_pass","AMf185"
23,364611.08,7540966.98,"Apr",2015-04-12 09:30:00,"Frugivory","NA","SMaf102"
23,364611.08,7540966.98,"Apr",2015-04-12 09:35:00,"Frugivory","NA","SMaf102"
23,364611.77,7540973.05,"Apr",2015-04-12 09:40:00,"Frugivory","NA","SMaf102"
23,364611.77,7540973.05,"Apr",2015-04-12 09:45:00,"Locomotion","NA","NA"
23,364619.73,7540980.56,"Apr",2015-04-12 09:50:00,"Inactive","NA","NA"
23,364626.2,7541036.38,"Apr",2015-04-12 09:55:00,"Frugivory","NA","AMf186"
23,364626.2,7541036.38,"Apr",2015-04-12 10:00:00,"Out of sight","NA","AMf186"
23,364626.2,7541036.38,"Apr",2015-04-12 10:05:00,"Frugivory","NA","AMf186"
23,364634.92,7541032.8,"Apr",2015-04-12 10:10:00,"Frugivory","NA","AMf186"
23,364634.92,7541032.8,"Apr",2015-04-12 10:15:00,"Locomotion","NA","AMf186"
23,364634.92,7541032.8,"Apr",2015-04-12 10:20:00,"Inactive","NA","AMf186"
23,364625.01,7541037.91,"Apr",2015-04-12 10:25:00,"Foraging","NA","NA"
23,364592.02,7541049.32,"Apr",2015-04-12 10:30:00,"Inactive","NA","NA"
23,364577.58,7541046.8,"Apr",2015-04-12 10:35:00,"Long call","NA","NA"
23,364563.63,7541044.29,"Apr",2015-04-12 10:40:00,"Long call","NA","NA"
23,364578.9,7541057.78,"Apr",2015-04-12 10:45:00,"Locomotion","NA","NA"
23,364586.53,7541047.14,"Apr",2015-04-12 10:50:00,"Out of sight","NA","NA"
23,364608.53,7541041.38,"Apr",2015-04-12 10:55:00,"Foraging","NA","NA"
23,364608.67,7541041.18,"Apr",2015-04-12 11:00:00,"Foraging","NA","NA"
23,364608.59,7541041.03,"Apr",2015-04-12 11:05:00,"Foraging","NA","NA"
23,364608.67,7541043.8,"Apr",2015-04-12 11:10:00,"Foraging","NA","NA"
23,364609.24,7541044.89,"Apr",2015-04-12 11:15:00,"Locomotion","NA","NA"
23,364614.91,7541052.59,"Apr",2015-04-12 11:20:00,"Frugivory","NA","AMf186"
23,364624.49,7541064.07,"Apr",2015-04-12 11:25:00,"Frugivory","NA","AMf186"
23,364624.49,7541064.07,"Apr",2015-04-12 11:30:00,"Frugivory","NA","AMf186"
23,364624.49,7541064.07,"Apr",2015-04-12 11:35:00,"Frugivory","NA","AMf186"
23,364624.49,7541064.07,"Apr",2015-04-12 11:40:00,"Frugivory","NA","AMf186"
23,364613.53,7541069.85,"Apr",2015-04-12 11:45:00,"Frugivory","NA","AMf186"
23,364627.93,7541071.44,"Apr",2015-04-12 11:50:00,"Frugivory","NA","AMf186"
23,364627.93,7541071.44,"Apr",2015-04-12 11:55:00,"Inactive","NA","AMf186"
23,364627.93,7541071.44,"Apr",2015-04-12 12:00:00,"Inactive","NA","AMf186"
23,364627.93,7541071.44,"Apr",2015-04-12 12:05:00,"Inactive","NA","AMf186"
23,364627.93,7541071.44,"Apr",2015-04-12 12:10:00,"Inactive","NA","AMf186"
23,364627.93,7541071.44,"Apr",2015-04-12 12:15:00,"Frugivory","NA","AMf186"
23,364627.93,7541071.44,"Apr",2015-04-12 12:20:00,"Frugivory","NA","AMf186"
23,364627.93,7541071.44,"Apr",2015-04-12 12:25:00,"Frugivory","NA","AMf186"
23,364627.93,7541071.44,"Apr",2015-04-12 12:30:00,"Inactive","NA","AMf186"
23,364627.93,7541071.44,"Apr",2015-04-12 12:35:00,"Inactive","NA","AMf186"
23,364627.93,7541071.44,"Apr",2015-04-12 12:40:00,"Inactive","NA","AMf186"
23,364627.93,7541071.44,"Apr",2015-04-12 12:45:00,"Out of sight","NA","AMf186"
23,364669.12,7541066.76,"Apr",2015-04-12 12:50:00,"Locomotion","NA","NA"
23,364705.07,7541082,"Apr",2015-04-12 12:55:00,"Foraging","NA","NA"
23,364728.48,7541075.82,"Apr",2015-04-12 13:00:00,"Inactive","NA","NA"
23,364742.56,7541063.85,"Apr",2015-04-12 13:05:00,"Foraging","NA","NA"
23,364756.49,7541055.27,"Apr",2015-04-12 13:10:00,"Foraging","NA","NA"
23,364774.53,7541033.09,"Apr",2015-04-12 13:15:00,"Out of sight","inch_pass","AMf187"
23,364774.53,7541033.09,"Apr",2015-04-12 13:20:00,"Frugivory","inch_pass","AMf187"
23,364774.53,7541033.09,"Apr",2015-04-12 13:25:00,"Frugivory","inch_pass","AMf187"
23,364774.53,7541033.09,"Apr",2015-04-12 13:30:00,"Frugivory","inch_pass","AMf187"
23,364759.6,7541049.53,"Apr",2015-04-12 13:35:00,"Frugivory","inch_pass","AMf187"
23,364768.56,7541042.33,"Apr",2015-04-12 13:40:00,"Frugivory","inch_pass","AMf187"
23,364758.4,7541021.06,"Apr",2015-04-12 13:45:00,"Frugivory","inch_pass","AMf187"
23,364775.27,7541010.97,"Apr",2015-04-12 13:50:00,"Inactive","NA","NA"
23,364771.09,7540988.38,"Apr",2015-04-12 13:55:00,"Frugivory","Celtis fluminensis","AMf188"
23,364771.09,7540988.38,"Apr",2015-04-12 14:00:00,"Inactive","Celtis fluminensis","AMf188"
23,364771.09,7540988.38,"Apr",2015-04-12 14:05:00,"Resting","Celtis fluminensis","AMf188"
23,364770.11,7540980.08,"Apr",2015-04-12 14:10:00,"Inactive","NA","NA"
23,364766.74,7540965.81,"Apr",2015-04-12 14:15:00,"Foraging","NA","NA"
23,364797.17,7540939.95,"Apr",2015-04-12 14:20:00,"Out of sight","NA","NA"
23,364776.56,7540919.55,"Apr",2015-04-12 14:25:00,"Inactive","NA","NA"
23,364771.75,7540914.23,"Apr",2015-04-12 14:30:00,"Resting","NA","NA"
23,364775.02,7540906.04,"Apr",2015-04-12 14:35:00,"Resting","NA","NA"
23,364783.88,7540905.92,"Apr",2015-04-12 14:40:00,"Foraging","NA","NA"
23,364785.07,7540905.87,"Apr",2015-04-12 14:45:00,"Marking territory","NA","NA"
23,364797.94,7540898.72,"Apr",2015-04-12 14:50:00,"Inactive","NA","NA"
23,364828.92,7540888.59,"Apr",2015-04-12 14:55:00,"Frugivory","inch_pass","AMf162"
23,364828.92,7540888.59,"Apr",2015-04-12 15:00:00,"Frugivory","inch_pass","AMf162"
23,364828.92,7540888.59,"Apr",2015-04-12 15:05:00,"Frugivory","inch_pass","AMf162"
23,364828.92,7540888.59,"Apr",2015-04-12 15:10:00,"Frugivory","inch_pass","AMf162"
23,364828.92,7540888.59,"Apr",2015-04-12 15:15:00,"Frugivory","inch_pass","AMf162"
23,364828.92,7540888.59,"Apr",2015-04-12 15:20:00,"Frugivory","inch_pass","AMf162"
23,364828.92,7540888.59,"Apr",2015-04-12 15:25:00,"Frugivory","inch_pass","AMf162"
23,364828.92,7540888.59,"Apr",2015-04-12 15:30:00,"Inactive","inch_pass","AMf162"
23,364828.92,7540888.59,"Apr",2015-04-12 15:35:00,"Inactive","inch_pass","AMf162"
23,364828.92,7540888.59,"Apr",2015-04-12 15:40:00,"Inactive","inch_pass","AMf162"
23,364839.35,7540922.6,"Apr",2015-04-12 15:45:00,"Inactive","NA","NA"
23,364848.03,7540933.52,"Apr",2015-04-12 15:50:00,"Resting","NA","NA"
23,364855.45,7540936.48,"Apr",2015-04-12 15:55:00,"Inactive","NA","NA"
23,364862.32,7540940.41,"Apr",2015-04-12 16:00:00,"Inactive","NA","NA"
23,364847.8,7540957.72,"Apr",2015-04-12 16:05:00,"Out of sight","NA","NA"
23,364846.48,7540951.58,"Apr",2015-04-12 16:10:00,"Inactive","NA","NA"
23,364848.48,7540952.37,"Apr",2015-04-12 16:15:00,"Inactive","NA","NA"
23,364927.21,7541022.38,"Apr",2015-04-12 16:20:00,"Locomotion","NA","NA"
23,364926.67,7541026.82,"Apr",2015-04-12 16:25:00,"Inactive","NA","NA"
23,364849.88,7540963.01,"Apr",2015-04-12 16:30:00,"Locomotion","NA","NA"
23,364772.84,7540899.14,"Apr",2015-04-12 16:35:00,"Locomotion","NA","NA"
23,364747.42,7540891.64,"Apr",2015-04-12 16:40:00,"Foraging","Celtis fluminensis","AMf189"
23,364747.42,7540891.64,"Apr",2015-04-12 16:45:00,"Frugivory","Celtis fluminensis","AMf189"
23,364722.85,7540883.13,"Apr",2015-04-12 16:50:00,"Locomotion","NA","NA"
23,364716.43,7540853.28,"Apr",2015-04-12 16:55:00,"Foraging","NA","NA"
23,364657.56,7540802.45,"Apr",2015-04-12 17:00:00,"Foraging","NA","NA"
23,364657.25,7540797.29,"Apr",2015-04-12 17:05:00,"Foraging","NA","NA"
23,364676.3126,7540728.996,"Apr",2015-04-12 17:10:00,"Sleeping site","NA","SS004"
25,364676.3126,7540728.996,"Apr",2015-04-15 07:40:00,"Sleeping site","NA","SS004"
25,364679.77,7540742.54,"Apr",2015-04-15 07:45:00,"Inactive","NA","NA"
25,364671.23,7540744.75,"Apr",2015-04-15 07:50:00,"Inactive","NA","NA"
25,364673.54,7540712.46,"Apr",2015-04-15 07:55:00,"Frugivory","inch_pass","AMf218"
25,364686.72,7540713.63,"Apr",2015-04-15 08:00:00,"Inactive","NA","NA"
25,364740.29,7540700.97,"Apr",2015-04-15 08:05:00,"Frugivory","inch_pass","AMf219"
25,364740.29,7540700.97,"Apr",2015-04-15 08:10:00,"Frugivory","inch_pass","AMf219"
25,364740.29,7540700.97,"Apr",2015-04-15 08:15:00,"Frugivory","inch_pass","AMf219"
25,364740.29,7540700.97,"Apr",2015-04-15 08:20:00,"Inactive","inch_pass","AMf219"
25,364740.29,7540700.97,"Apr",2015-04-15 08:25:00,"Frugivory","inch_pass","AMf219"
25,364740.29,7540700.97,"Apr",2015-04-15 08:30:00,"Frugivory","inch_pass","AMf219"
25,364740.29,7540700.97,"Apr",2015-04-15 08:35:00,"Frugivory","inch_pass","AMf219"
25,364740.29,7540700.97,"Apr",2015-04-15 08:40:00,"Inactive","inch_pass","AMf219"
25,364746.5,7540688.47,"Apr",2015-04-15 08:45:00,"Frugivory","inch_pass","AMf220"
25,364746.5,7540688.47,"Apr",2015-04-15 08:50:00,"Foraging","inch_pass","AMf220"
25,364770.06,7540697.81,"Apr",2015-04-15 08:55:00,"Foraging","NA","NA"
25,364768.19,7540694.68,"Apr",2015-04-15 09:00:00,"Foraging","NA","NA"
25,364785.24,7540695.75,"Apr",2015-04-15 09:05:00,"Foraging","NA","NA"
25,364788.01,7540687.91,"Apr",2015-04-15 09:10:00,"Foraging","NA","NA"
25,364789.38,7540683.51,"Apr",2015-04-15 09:15:00,"Resting","NA","NA"
25,364783.7,7540666.51,"Apr",2015-04-15 09:20:00,"Foraging","inch_pass","AMf221"
25,364783.7,7540666.51,"Apr",2015-04-15 09:25:00,"Frugivory","inch_pass","AMf221"
25,364783.7,7540666.51,"Apr",2015-04-15 09:30:00,"Frugivory","inch_pass","AMf221"
25,364783.7,7540666.51,"Apr",2015-04-15 09:35:00,"Frugivory","inch_pass","AMf221"
25,364783.7,7540666.51,"Apr",2015-04-15 09:40:00,"Frugivory","inch_pass","AMf221"
25,364793.83,7540657.81,"Apr",2015-04-15 09:45:00,"Inactive","NA","NA"
25,364806.48,7540657.61,"Apr",2015-04-15 09:50:00,"Inactive","NA","NA"
25,364805.06,7540642.41,"Apr",2015-04-15 09:55:00,"Foraging","NA","NA"
25,364811.44,7540645.6,"Apr",2015-04-15 10:00:00,"Inactive","NA","NA"
25,364810.83,7540631.52,"Apr",2015-04-15 10:05:00,"Inactive","NA","NA"
25,364803.63,7540620.12,"Apr",2015-04-15 10:10:00,"Locomotion","NA","NA"
25,364789.88,7540587.69,"Apr",2015-04-15 10:15:00,"Frugivory","Celtis fluminensis","AMf222"
25,364789.88,7540587.69,"Apr",2015-04-15 10:20:00,"Inactive","Celtis fluminensis","AMf222"
25,364800.97,7540559.13,"Apr",2015-04-15 10:25:00,"Frugivory","Celtis fluminensis","AMf223"
25,364800.97,7540559.13,"Apr",2015-04-15 10:30:00,"Frugivory","Celtis fluminensis","AMf223"
25,364809.75,7540546.13,"Apr",2015-04-15 10:35:00,"Frugivory","Celtis fluminensis","AMf223"
25,364813.04,7540535.58,"Apr",2015-04-15 10:40:00,"Inactive","NA","NA"
25,364833.28,7540546.46,"Apr",2015-04-15 10:45:00,"Inactive","NA","NA"
25,364883,7540573.8,"Apr",2015-04-15 10:50:00,"Inactive","NA","NA"
25,364910.43,7540582.67,"Apr",2015-04-15 10:55:00,"Inactive","NA","NA"
25,364940.86,7540590.82,"Apr",2015-04-15 11:00:00,"Inactive","NA","NA"
25,364967.32,7540614.61,"Apr",2015-04-15 11:05:00,"Frugivory","Eugenia aff. ramboi","AMf225"
25,364967.32,7540614.61,"Apr",2015-04-15 11:10:00,"Resting","Eugenia aff. ramboi","AMf225"
25,364967.32,7540614.61,"Apr",2015-04-15 11:15:00,"Resting","Eugenia aff. ramboi","AMf225"
25,364967.32,7540614.61,"Apr",2015-04-15 11:20:00,"Resting","Eugenia aff. ramboi","AMf225"
25,364967.32,7540614.61,"Apr",2015-04-15 11:25:00,"Resting","Eugenia aff. ramboi","AMf225"
25,364967.32,7540614.61,"Apr",2015-04-15 11:30:00,"Resting","Eugenia aff. ramboi","AMf225"
25,364967.32,7540614.61,"Apr",2015-04-15 11:35:00,"Resting","Eugenia aff. ramboi","AMf225"
25,364967.32,7540614.61,"Apr",2015-04-15 11:40:00,"Resting","Eugenia aff. ramboi","AMf225"
25,364967.32,7540614.61,"Apr",2015-04-15 11:45:00,"Resting","Eugenia aff. ramboi","AMf225"
25,364967.32,7540614.61,"Apr",2015-04-15 11:50:00,"Resting","Eugenia aff. ramboi","AMf225"
25,364967.32,7540614.61,"Apr",2015-04-15 11:55:00,"Resting","Eugenia aff. ramboi","AMf225"
25,364967.32,7540614.61,"Apr",2015-04-15 12:00:00,"Resting","Eugenia aff. ramboi","AMf225"
25,364967.32,7540614.61,"Apr",2015-04-15 12:05:00,"Frugivory","Eugenia aff. ramboi","AMf225"
25,364982.98,7540639.94,"Apr",2015-04-15 12:10:00,"Inactive","NA","NA"
25,365006.23,7540661.9,"Apr",2015-04-15 12:15:00,"Inactive","NA","NA"
25,365020.08,7540677.73,"Apr",2015-04-15 12:20:00,"Frugivory","Eugenia aff. ramboi","AMf227"
25,365053.86,7540701.77,"Apr",2015-04-15 12:25:00,"Foraging","Celtis fluminensis","AMf228"
25,365048.31,7540710.7,"Apr",2015-04-15 12:30:00,"Frugivory","Celtis fluminensis","AMf228"
25,365058.01,7540706.92,"Apr",2015-04-15 12:35:00,"Inactive","NA","NA"
25,365060.23,7540707.16,"Apr",2015-04-15 12:40:00,"Locomotion","NA","NA"
25,365102.23,7540723.89,"Apr",2015-04-15 12:45:00,"Marking territory","NA","NA"
25,365109.81,7540739.2,"Apr",2015-04-15 12:50:00,"Foraging","NA","NA"
25,365139.66,7540760.6,"Apr",2015-04-15 12:55:00,"Marking territory","NA","NA"
25,365137.04,7540778.99,"Apr",2015-04-15 13:00:00,"Foraging","NA","NA"
25,365150.2,7540821.16,"Apr",2015-04-15 13:05:00,"Foraging","NA","NA"
25,365170.31,7540847.91,"Apr",2015-04-15 13:10:00,"Frugivory","Celtis fluminensis","AMf043"
25,365187.44,7540856.58,"Apr",2015-04-15 13:15:00,"Frugivory","Celtis fluminensis","AMf043"
25,365161.97,7540854.35,"Apr",2015-04-15 13:20:00,"Frugivory","Celtis fluminensis","AMf043"
25,365167.09,7540846.89,"Apr",2015-04-15 13:25:00,"Frugivory","Celtis fluminensis","AMf043"
25,365175.24,7540851.01,"Apr",2015-04-15 13:30:00,"Frugivory","Celtis fluminensis","AMf043"
25,365175.24,7540851.01,"Apr",2015-04-15 13:35:00,"Frugivory","Celtis fluminensis","AMf043"
25,365168.82,7540867.33,"Apr",2015-04-15 13:40:00,"Inactive","NA","NA"
25,365157.76,7540876.87,"Apr",2015-04-15 13:45:00,"Inactive","NA","NA"
25,365130.42,7540901.69,"Apr",2015-04-15 13:50:00,"Foraging","NA","NA"
25,365144.94,7540943.6,"Apr",2015-04-15 13:55:00,"Foraging","NA","NA"
25,365142.71,7540959.36,"Apr",2015-04-15 14:00:00,"Inactive","NA","NA"
25,365123.66,7541002.69,"Apr",2015-04-15 14:05:00,"Out of sight","NA","NA"
25,365128.01,7541006.58,"Apr",2015-04-15 14:10:00,"Inactive","NA","NA"
25,365108.19,7541021.67,"Apr",2015-04-15 14:15:00,"Frugivory","Celtis fluminensis","AMf230"
25,365108.19,7541021.67,"Apr",2015-04-15 14:20:00,"Frugivory","Celtis fluminensis","AMf230"
25,365108.19,7541021.67,"Apr",2015-04-15 14:25:00,"Frugivory","Celtis fluminensis","AMf230"
25,365096.11,7541036.29,"Apr",2015-04-15 14:30:00,"Foraging","Celtis fluminensis","AMf230"
25,365076.27,7541040.04,"Apr",2015-04-15 14:35:00,"Frugivory","Eugenia aff. ramboi","AMf232"
25,365069.69,7541030.71,"Apr",2015-04-15 14:40:00,"Locomotion","NA","NA"
25,365068.62,7541072.31,"Apr",2015-04-15 14:45:00,"Foraging","NA","NA"
25,365049.25,7541088.25,"Apr",2015-04-15 14:50:00,"Inactive","Eugenia aff. ramboi","AMf233"
25,365047.97,7541086.51,"Apr",2015-04-15 14:55:00,"Frugivory","Eugenia aff. ramboi","AMf233"
25,365031.2,7541080.11,"Apr",2015-04-15 15:00:00,"Foraging","NA","NA"
25,365030.81,7541092.04,"Apr",2015-04-15 15:05:00,"Foraging","NA","NA"
25,365001.55,7541112.09,"Apr",2015-04-15 15:10:00,"Frugivory","Celtis fluminensis","AMf236"
25,364980.55,7541108.92,"Apr",2015-04-15 15:15:00,"Foraging","NA","NA"
25,364967.57,7541088.1,"Apr",2015-04-15 15:20:00,"Foraging","NA","NA"
25,364941.48,7541065.56,"Apr",2015-04-15 15:25:00,"Foraging","NA","NA"
25,364938.38,7541016.31,"Apr",2015-04-15 15:30:00,"Foraging","NA","NA"
25,364906.95,7540992.71,"Apr",2015-04-15 15:35:00,"Locomotion","NA","NA"
25,364894.87,7540970.98,"Apr",2015-04-15 15:40:00,"Foraging","NA","NA"
25,364895.21,7540960.74,"Apr",2015-04-15 15:45:00,"Inactive","NA","NA"
25,364893.5,7540924.62,"Apr",2015-04-15 15:50:00,"Inactive","NA","NA"
25,364892.08,7540918.31,"Apr",2015-04-15 15:55:00,"Inactive","NA","NA"
25,364891.7,7540900.12,"Apr",2015-04-15 16:00:00,"Out of sight","NA","NA"
25,364907.49,7540861.06,"Apr",2015-04-15 16:05:00,"Locomotion","Celtis fluminensis","AMf179"
25,364886.69,7540858.03,"Apr",2015-04-15 16:10:00,"Frugivory","Celtis fluminensis","AMf179"
25,364866.54,7540858.2,"Apr",2015-04-15 16:15:00,"Frugivory","Celtis fluminensis","AMf179"
25,364837.77,7540862.79,"Apr",2015-04-15 16:20:00,"Inactive","NA","NA"
25,364812.07,7540841.48,"Apr",2015-04-15 16:25:00,"Inactive","NA","NA"
25,364778.43,7540832.57,"Apr",2015-04-15 16:30:00,"Inactive","NA","NA"
25,364752.96,7540804.02,"Apr",2015-04-15 16:35:00,"Frugivory","Celtis fluminensis","Amf217"
25,364722.07,7540792.47,"Apr",2015-04-15 16:40:00,"Inactive","NA","NA"
25,364675.49,7540757.06,"Apr",2015-04-15 16:45:00,"Inactive","NA","NA"
25,364664.63,7540734.78,"Apr",2015-04-15 16:50:00,"Inactive","NA","NA"
25,364664.6,7540734.64,"Apr",2015-04-15 16:55:00,"Locomotion","NA","NA"
25,364676.3126,7540728.996,"Apr",2015-04-15 17:00:00,"Sleeping site","NA","SS004"
